VIN,Associated Location,Current Location,Associated Location IDs,Current LocationIDs
ZJ6ALBY1N9XTH4W7F,"560 Penstock Drive, Grass Valley, CA 95945","560 Penstock Drive, Grass Valley, CA 95945",9804115223,9804115223
N535SFZ64B0GS2VOM,"560 Penstock Drive, Grass Valley, CA 95945","560 Penstock Drive, Grass Valley, CA 95945",9804115223,9804115223
G46QDSRHBHV0EVNOR,"2721 Lindsay Avenue, Louisville, KY 40206","2721 Lindsay Avenue, Louisville, KY 40206",9804347670,9804347670
GSHKPW441B12F1PMT,"308 Woodleaf Court, Glen Burnie, MD 21061","308 Woodleaf Court, Glen Burnie, MD 21061",9803072894,9803072894
SWZQ7ZT15QIFGF1G9,"1745 T Street Southeast, Washington, DC 20020","1745 T Street Southeast, Washington, DC 20020",9802682721,9802682721
LZ5PSYLKOJTUFH6CY,"4 Old Colony Way, Yarmouth, MA 02664","4 Old Colony Way, Yarmouth, MA 02664",9804103823,9804103823
7X6AM8ZD8FVY7MTAV,"210 Lacross Lane, Westmore, VT 05860","210 Lacross Lane, Westmore, VT 05860",9802721820,9802721820
CA99XY7G8WZDZ01I6,"210 Green Road, Manchester, CT 06042","210 Green Road, Manchester, CT 06042",9803066400,9803066400
S3FUJ1C6SZ9G1BZ61,"5906 Milton Avenue, Deale, MD 20751","5906 Milton Avenue, Deale, MD 20751",9804057613,9804057613
W5D1GSL7RF5EYE0F7,"5601 West Crocus Drive, Glendale, AZ 85306","5601 West Crocus Drive, Glendale, AZ 85306",9802667289,9802667289
R6WQLQMJ8B5PXZ34T,"1208 Elkader Court North, Nashville, TN 37013","1208 Elkader Court North, Nashville, TN 37013",9803040372,9803040372
09R391JQXIBV0WI1H,"49548 Road 200, O'Neals, CA 93645","49548 Road 200, O'Neals, CA 93645",9803072893,9803072893
3QOFSTS0VV5QCLBD5,"1513 Cathy Street, Savannah, GA 31415","1513 Cathy Street, Savannah, GA 31415",9803001870,9803001870
TF6EFOGRDFYU3PBIL,"8502 Madrone Avenue, Louisville, KY 40258","8502 Madrone Avenue, Louisville, KY 40258",9803084944,9803084944
V6ZE6O98LEA6ZW7Y4,"2010 Rising Hill Drive, Norman, OK 73071","2010 Rising Hill Drive, Norman, OK 73071",9802819075,9802819075
T0FSMYATRYOD2W67W,"2203 7th Street Road, Louisville, KY 40208","2203 7th Street Road, Louisville, KY 40208",9803094812,9803094812
NWJPUXNQ4I9IJO7O3,"1208 Elkader Court North, Nashville, TN 37013","1208 Elkader Court North, Nashville, TN 37013",9803040372,9803040372
LS3I7J539HQ6XNMGV,"7431 Candace Way, Louisville, KY 40214","7431 Candace Way, Louisville, KY 40214",9804029265,9804029265
WHH2VPY6KC9K6ZB0V,"20930 Todd Valley Road, Foresthill, CA 95631","20930 Todd Valley Road, Foresthill, CA 95631",9804152489,9804152489
7S81VCZUQTWZMTSUI,"2811 Battery Place Northwest, Washington, DC 20016","2811 Battery Place Northwest, Washington, DC 20016",9802561972,9802561972
7JW1YIVCB90QNVR75,"210 Lacross Lane, Westmore, VT 05860","210 Lacross Lane, Westmore, VT 05860",9802721820,9802721820
JMB6IFOLDXVUP83DO,"20930 Todd Valley Road, Foresthill, CA 95631","20930 Todd Valley Road, Foresthill, CA 95631",9804152489,9804152489
WY2OZYY7BY625GTHH,"388 East Main Street, , VT 05753","388 East Main Street, , VT 05753",9802844235,9802844235
JIH3P0RSHBDDVD8A1,"1513 Cathy Street, Savannah, GA 31415","1513 Cathy Street, Savannah, GA 31415",9803001870,9803001870
P3K4QJ4L3Z06L02GD,"74 Springfield Street, Agawam, MA 01001","74 Springfield Street, Agawam, MA 01001",9804071310,9804071310
PY5I9H1QDLHJZ6QBA,"2905 Stonebridge Court, Norman, OK 73071","2905 Stonebridge Court, Norman, OK 73071",9804152487,9804152487
RDRR691X73P35A7GN,"388 East Main Street, , VT 05753","388 East Main Street, , VT 05753",9802844235,9802844235
LQC0L43ISD4CFODJP,"1649 Timberridge Court, Fayetteville, AR 72704","1649 Timberridge Court, Fayetteville, AR 72704",9804127287,9804127287
CJ3CI3MJR4CUIVSMQ,"4 Old Colony Way, Yarmouth, MA 02664","4 Old Colony Way, Yarmouth, MA 02664",9804103823,9804103823
A3MEHXRATUNJIXLHT,"1649 Timberridge Court, Fayetteville, AR 72704","1649 Timberridge Court, Fayetteville, AR 72704",9804127287,9804127287
5XBB0OOV73WQ8ZUMC,"5601 West Crocus Drive, Glendale, AZ 85306","5601 West Crocus Drive, Glendale, AZ 85306",9802667289,9802667289
SYN5V53Y6R4P6PT46,"6007 Applegate Lane, Louisville, KY 40219","6007 Applegate Lane, Louisville, KY 40219",9803107745,9803107745
BLUF9MHLP1HHG415T,"629 Debbie Drive, Nashville, TN 37076","629 Debbie Drive, Nashville, TN 37076",9804165031,9804165031
1K8CH72VTTHDHQJDC,"150 Carter Street, Manchester, CT 06040","150 Carter Street, Manchester, CT 06040",9804249141,9804249141
M0C9DI448E8KRK9C9,"60 Desousa Drive, Manchester, CT 06040","60 Desousa Drive, Manchester, CT 06040",9804092591,9804092591
JR1YBNRI2NI38R3W0,"2203 7th Street Road, Louisville, KY 40208","2203 7th Street Road, Louisville, KY 40208",9803094812,9803094812
22I932W15LADY5WGK,"6007 Applegate Lane, Louisville, KY 40219","6007 Applegate Lane, Louisville, KY 40219",9803107745,9803107745
2QN6YCGXY2IP8V7JM,"314 South 17th Street, Nashville, TN 37206","314 South 17th Street, Nashville, TN 37206",9804103824,9804103824
Q6YDZ2SNI0JRN1Y5J,"5906 Milton Avenue, Deale, MD 20751","5906 Milton Avenue, Deale, MD 20751",9804057613,9804057613
ZGI2SHI371J7L6F9Z,"5461 West Shades Valley Drive, Montgomery, AL 36108","5461 West Shades Valley Drive, Montgomery, AL 36108",9804140659,9804140659
6G3ZOJ3N5KASYA1ZL,"600 West 19th Avenue, Anchorage, AK 99503","600 West 19th Avenue, Anchorage, AK 99503",9803015532,9803015532
YNRSGP1L9CI206S7M,"22572 Toreador Drive, Salinas, CA 93908","22572 Toreador Drive, Salinas, CA 93908",9804199864,9804199864
ERIZF9Z0631LAH5D5,"5601 West Crocus Drive, Glendale, AZ 85306","5601 West Crocus Drive, Glendale, AZ 85306",9802667289,9802667289
2VLAYMG7TWHHQDA0H,"18 Densmore Drive, Essex, VT 05452","18 Densmore Drive, Essex, VT 05452",9802667287,9802667287
VDNP0ICQKEV6N8CZG,"5461 West Shades Valley Drive, Montgomery, AL 36108","5461 West Shades Valley Drive, Montgomery, AL 36108",9804140659,9804140659
0DQOWOCGAYS3DR4RI,"629 Debbie Drive, Nashville, TN 37076","629 Debbie Drive, Nashville, TN 37076",9804165031,9804165031
0MP5WN3PSOBMA0XM0,"22572 Toreador Drive, Salinas, CA 93908","22572 Toreador Drive, Salinas, CA 93908",9804199864,9804199864
H80Z8WFFF3Y9CR2UF,"3729 East Mission Boulevard, Fayetteville, AR 72703","3729 East Mission Boulevard, Fayetteville, AR 72703",9802667290,9802667290
T3VTTR6C7ZXTLCPZI,"5928 West Mauna Loa Lane, Glendale, AZ 85306","5928 West Mauna Loa Lane, Glendale, AZ 85306",9804211261,9804211261
CPDYOU9RBH8TD2WNG,"629 Debbie Drive, Nashville, TN 37076","629 Debbie Drive, Nashville, TN 37076",9804165031,9804165031
3Q9BJHR16FCNFCBAP,"2905 Stonebridge Court, Norman, OK 73071","2905 Stonebridge Court, Norman, OK 73071",9804152487,9804152487
4OIZDFEAKLX2DD0ZU,"22572 Toreador Drive, Salinas, CA 93908","22572 Toreador Drive, Salinas, CA 93908",9804199864,9804199864
0LWLR1L19ADKO5657,"5928 West Mauna Loa Lane, Glendale, AZ 85306","5928 West Mauna Loa Lane, Glendale, AZ 85306",9804211261,9804211261
0E41HCN22ZKFES8JQ,"4 Old Colony Way, Yarmouth, MA 02664","4 Old Colony Way, Yarmouth, MA 02664",9804103823,9804103823
254Z19730ARU7X20A,"5114 Greentree Drive, Nashville, TN 37211","5114 Greentree Drive, Nashville, TN 37211",9802751028,9802751028
RDRRPPTCS1FMU86AQ,"8821 West Myrtle Avenue, Glendale, AZ 85305","8821 West Myrtle Avenue, Glendale, AZ 85305",9802955552,9802955552
QFKZHNLATPY64F3EX,"5906 Milton Avenue, Deale, MD 20751","5906 Milton Avenue, Deale, MD 20751",9804057613,9804057613
P72IT4OHXFEK0MBTR,"6463 Vrain Street, Arvada, CO 80003","6463 Vrain Street, Arvada, CO 80003",9803145377,9803145377
F9DHRXL83JDCLMGJ2,"2203 7th Street Road, Louisville, KY 40208","2203 7th Street Road, Louisville, KY 40208",9803094812,9803094812
DRM691U6AUVZKGA9C,"210 Lacross Lane, Westmore, VT 05860","210 Lacross Lane, Westmore, VT 05860",9802721820,9802721820
ETU0Q7IHJ46PEW733,"1649 Timberridge Court, Fayetteville, AR 72704","1649 Timberridge Court, Fayetteville, AR 72704",9804127287,9804127287
KDVO62IJ8L55UVV45,"60 Desousa Drive, Manchester, CT 06040","60 Desousa Drive, Manchester, CT 06040",9804092591,9804092591
3A9U8D0TNIOAQUPNL,"4 Old Colony Way, Yarmouth, MA 02664","4 Old Colony Way, Yarmouth, MA 02664",9804103823,9804103823
UXMA8ER2179QQFEOU,"3729 East Mission Boulevard, Fayetteville, AR 72703","3729 East Mission Boulevard, Fayetteville, AR 72703",9802667290,9802667290
FY2X9R0JCBVETIYMQ,"60 Desousa Drive, Manchester, CT 06040","60 Desousa Drive, Manchester, CT 06040",9804092591,9804092591
CP5HBMXOOSJT85ZA3,"5906 Milton Avenue, Deale, MD 20751","5906 Milton Avenue, Deale, MD 20751",9804057613,9804057613
J2UPCOYZMZP6KP4KR,"3162 Martin Luther King Junior Boulevard, Fayetteville, AR 72704","3162 Martin Luther King Junior Boulevard, Fayetteville, AR 72704",9804140660,9804140660
WAAZXRR4XG9V2VPL0,"210 Green Road, Manchester, CT 06042","210 Green Road, Manchester, CT 06042",9803066400,9803066400
DJ52H5GZZR6DELYSH,"5114 Greentree Drive, Nashville, TN 37211","5114 Greentree Drive, Nashville, TN 37211",9802751028,9802751028
32T83X9P7FY0I11C7,"3034 Mica Street, Fayetteville, AR 72704","3034 Mica Street, Fayetteville, AR 72704",9804199937,9804199937
GSPSDRYGN6ZZZLNYD,"2203 7th Street Road, Louisville, KY 40208","2203 7th Street Road, Louisville, KY 40208",9803094812,9803094812
9YCIN2Z2N8P6USL3T,"6007 Applegate Lane, Louisville, KY 40219","6007 Applegate Lane, Louisville, KY 40219",9803107745,9803107745
OYNT2WJTQIXO9HT1T,"629 Debbie Drive, Nashville, TN 37076","629 Debbie Drive, Nashville, TN 37076",9804165031,9804165031
MLGYP2J03CSERDSAN,"1649 Timberridge Court, Fayetteville, AR 72704","1649 Timberridge Court, Fayetteville, AR 72704",9804127287,9804127287
VCIO8VPUVQSVC4M9Z,"416 McIver Street, Nashville, TN 37211","416 McIver Street, Nashville, TN 37211",9804029267,9804029267
S1CIIOTH5SG01ZUCF,"2010 Rising Hill Drive, Norman, OK 73071","2010 Rising Hill Drive, Norman, OK 73071",9802819075,9802819075
YG573FFTPB6FAUASS,"3162 Martin Luther King Junior Boulevard, Fayetteville, AR 72704","3162 Martin Luther King Junior Boulevard, Fayetteville, AR 72704",9804140660,9804140660
N2F68A21GNY8XFKAH,"2721 Lindsay Avenue, Louisville, KY 40206","2721 Lindsay Avenue, Louisville, KY 40206",9804347670,9804347670
9NGZVE7BY839AMLV5,"87 Horseshoe Drive, West Windsor, VT 05037","87 Horseshoe Drive, West Windsor, VT 05037",9804092590,9804092590
GDPF3OSJYJT7SQ3U6,"5906 Milton Avenue, Deale, MD 20751","5906 Milton Avenue, Deale, MD 20751",9804057613,9804057613
G1I466PBZTUY40KMX,"210 Green Road, Manchester, CT 06042","210 Green Road, Manchester, CT 06042",9803066400,9803066400
TQEBYJ3CLK70CCD3F,"20930 Todd Valley Road, Foresthill, CA 95631","20930 Todd Valley Road, Foresthill, CA 95631",9804152489,9804152489
D5OHWW7XRNAEO3KWY,"388 East Main Street, , VT 05753","388 East Main Street, , VT 05753",9802844235,9802844235
K3DON7XC6PYYHZ2CZ,"3729 East Mission Boulevard, Fayetteville, AR 72703","3729 East Mission Boulevard, Fayetteville, AR 72703",9802667290,9802667290
C8HK4ONZZ8ATLMPDT,"3162 Martin Luther King Junior Boulevard, Fayetteville, AR 72704","3162 Martin Luther King Junior Boulevard, Fayetteville, AR 72704",9804140660,9804140660
CKWUMH2Y38HBJNJAQ,"5928 West Mauna Loa Lane, Glendale, AZ 85306","5928 West Mauna Loa Lane, Glendale, AZ 85306",9804211261,9804211261
V2M1JCYTRZLZ8O3BM,"8376 Albacore Drive, Pasadena, MD 21122","8376 Albacore Drive, Pasadena, MD 21122",9802738066,9802738066
0X5YQLWFBQ9KWL9Z7,"450 Kinhawk Drive, Nashville, TN 37211","450 Kinhawk Drive, Nashville, TN 37211",9802981421,9802981421
KXZZDGNI86T4XNQZ6,"5615 West Villa Maria Drive, Glendale, AZ 85308","5615 West Villa Maria Drive, Glendale, AZ 85308",9804092589,9804092589
1V1N2ZODKYTM0WNCC,"159 Downey Drive, Manchester, CT 06040","159 Downey Drive, Manchester, CT 06040",9802448723,9802448723
2KY3Y0PYK4DPEV2E2,"802 Madison Street Northwest, Washington, DC 20011","802 Madison Street Northwest, Washington, DC 20011",9804307367,9804307367
B4CWKGP86T0UP4BNC,"716 Waller Road, Brentwood, TN 37027","716 Waller Road, Brentwood, TN 37027",9804019342,9804019342
N9BZ0DUOQ8DBDU0Q2,"5615 West Villa Maria Drive, Glendale, AZ 85308","5615 West Villa Maria Drive, Glendale, AZ 85308",9804092589,9804092589
O3O5RZ7MLW0K38V5P,"1101 Lotus Avenue, Glen Burnie, MD 21061","1101 Lotus Avenue, Glen Burnie, MD 21061",9802721819,9802721819
7P4K2MCYQ1DHTNXON,"560 Penstock Drive, Grass Valley, CA 95945","560 Penstock Drive, Grass Valley, CA 95945",9804115223,9804115223
CE48OXWWZUTV3PWDR,"637 Britannia Drive, Vallejo, CA 94591","637 Britannia Drive, Vallejo, CA 94591",9802667288,9802667288
VQVQ1XJXBHBSSM045,"629 Debbie Drive, Nashville, TN 37076","629 Debbie Drive, Nashville, TN 37076",9804165031,9804165031
HSLI2DECA6YE6F2YP,"6007 Applegate Lane, Louisville, KY 40219","6007 Applegate Lane, Louisville, KY 40219",9803107745,9803107745
R943YAUC4LK748NSR,"1649 Timberridge Court, Fayetteville, AR 72704","1649 Timberridge Court, Fayetteville, AR 72704",9804127287,9804127287
PQPFNBP61N1IKBQNL,"5403 Illinois Avenue, Nashville, TN 37209","5403 Illinois Avenue, Nashville, TN 37209",9802933570,9802933570
CVGMED72368SF721V,"2721 Lindsay Avenue, Louisville, KY 40206","2721 Lindsay Avenue, Louisville, KY 40206",9804347670,9804347670
N8NE5IGWWX3RFSJRE,"2203 7th Street Road, Louisville, KY 40208","2203 7th Street Road, Louisville, KY 40208",9803094812,9803094812
LZYTFCCOUZCBVMHHJ,"5461 West Shades Valley Drive, Montgomery, AL 36108","5461 West Shades Valley Drive, Montgomery, AL 36108",9804140659,9804140659
TRTEE5XOS7SCJI9QH,"87 Horseshoe Drive, West Windsor, VT 05037","87 Horseshoe Drive, West Windsor, VT 05037",9804092590,9804092590
EV1SZPZTACLLH62T3,"74 Springfield Street, Agawam, MA 01001","74 Springfield Street, Agawam, MA 01001",9804071310,9804071310
N0VKRNXHQGIB50YD2,"600 West 19th Avenue, Anchorage, AK 99503","600 West 19th Avenue, Anchorage, AK 99503",9803015532,9803015532
W38RWLG2Z7OYRNRDP,"637 Britannia Drive, Vallejo, CA 94591","637 Britannia Drive, Vallejo, CA 94591",9802667288,9802667288
CX90HZWUQX44NHMK5,"6007 Applegate Lane, Louisville, KY 40219","6007 Applegate Lane, Louisville, KY 40219",9803107745,9803107745
30DG6Q2U8M4E7Y39X,"629 Debbie Drive, Nashville, TN 37076","629 Debbie Drive, Nashville, TN 37076",9804165031,9804165031
Z0K3GP9U38U8QJEIB,"314 South 17th Street, Nashville, TN 37206","314 South 17th Street, Nashville, TN 37206",9804103824,9804103824
Y9YGRZ4PQ2Z1GJVVZ,"314 South 17th Street, Nashville, TN 37206","314 South 17th Street, Nashville, TN 37206",9804103824,9804103824
3INH381IPKYADBTOX,"1508 Massachusetts Avenue Southeast, Washington, DC 20003","1508 Massachusetts Avenue Southeast, Washington, DC 20003",9804071311,9804071311
5Y10XJ3GQMA92J6WI,"49548 Road 200, O'Neals, CA 93645","49548 Road 200, O'Neals, CA 93645",9803072893,9803072893
1D97RKNRD3P586DTA,"802 Madison Street Northwest, Washington, DC 20011","802 Madison Street Northwest, Washington, DC 20011",9804307367,9804307367
0RSF733SRUHIE007R,"131 Westerly Street, Manchester, CT 06042","131 Westerly Street, Manchester, CT 06042",9803058289,9803058289
QFBRXP8BD55HH3QGA,"716 Waller Road, Brentwood, TN 37027","716 Waller Road, Brentwood, TN 37027",9804019342,9804019342
3O7A5VFCN6I1QJY8W,"2905 Stonebridge Court, Norman, OK 73071","2905 Stonebridge Court, Norman, OK 73071",9804152487,9804152487
MY144NIGARXWMFZTN,"3466 Southview Avenue, Montgomery, AL 36111","3466 Southview Avenue, Montgomery, AL 36111",9802882361,9802882361
7RFBOMJLA26Z44S4F,"3034 Mica Street, Fayetteville, AR 72704","3034 Mica Street, Fayetteville, AR 72704",9804199937,9804199937
OYB39DJPX1O8PADHS,"5403 Illinois Avenue, Nashville, TN 37209","5403 Illinois Avenue, Nashville, TN 37209",9802933570,9802933570
VPNOV22626UOLCHSI,"388 East Main Street, , VT 05753","388 East Main Street, , VT 05753",9802844235,9802844235
OXCTMGSIU554GNLXR,"23 Sable Run Lane, Methuen, MA 01844","23 Sable Run Lane, Methuen, MA 01844",9803094811,9803094811
KGQ3LR2I2CYNCP47L,"8821 West Myrtle Avenue, Glendale, AZ 85305","8821 West Myrtle Avenue, Glendale, AZ 85305",9802955552,9802955552
QE7W4CRUS8ZKMJZ62,"560 Penstock Drive, Grass Valley, CA 95945","560 Penstock Drive, Grass Valley, CA 95945",9804115223,9804115223
LFBZ2VA8XMSQE6DSV,"210 Lacross Lane, Westmore, VT 05860","210 Lacross Lane, Westmore, VT 05860",9802721820,9802721820
VSPZKLBZOSKYQ8BT8,"1513 Cathy Street, Savannah, GA 31415","1513 Cathy Street, Savannah, GA 31415",9803001870,9803001870
P5PSSMFFPNQSBHUZH,"1407 Walden Court, Crofton, MD 21114","1407 Walden Court, Crofton, MD 21114",9804041763,9804041763
40YATL4MWR27RX4JT,"23 Sable Run Lane, Methuen, MA 01844","23 Sable Run Lane, Methuen, MA 01844",9803094811,9803094811
SJJ6J1HZC32SNOR3I,"5601 West Crocus Drive, Glendale, AZ 85306","5601 West Crocus Drive, Glendale, AZ 85306",9802667289,9802667289
355O3CS9TXHC2GIXV,"3162 Martin Luther King Junior Boulevard, Fayetteville, AR 72704","3162 Martin Luther King Junior Boulevard, Fayetteville, AR 72704",9804140660,9804140660
R4QZUFBZZVEJ40L0A,"49548 Road 200, O'Neals, CA 93645","49548 Road 200, O'Neals, CA 93645",9803072893,9803072893
0EAFUH9T6VP76R0AR,"210 Green Road, Manchester, CT 06042","210 Green Road, Manchester, CT 06042",9803066400,9803066400
PKHIBXOJXYBY4U0UW,"5906 Milton Avenue, Deale, MD 20751","5906 Milton Avenue, Deale, MD 20751",9804057613,9804057613
YELWQL3CNKMAJFT88,"2010 Rising Hill Drive, Norman, OK 73071","2010 Rising Hill Drive, Norman, OK 73071",9802819075,9802819075
HLBNK68Z47NNA1CEO,"4 Old Colony Way, Yarmouth, MA 02664","4 Old Colony Way, Yarmouth, MA 02664",9804103823,9804103823
LMOS7O56608XHT5JP,"716 Waller Road, Brentwood, TN 37027","716 Waller Road, Brentwood, TN 37027",9804019342,9804019342
59PT5LIGNKO4YT9ZN,"1513 Cathy Street, Savannah, GA 31415","1513 Cathy Street, Savannah, GA 31415",9803001870,9803001870
70SCZJS0XKQOVA4NG,"150 Carter Street, Manchester, CT 06040","150 Carter Street, Manchester, CT 06040",9804249141,9804249141
V7GZ35JKONZI9YOO0,"1745 T Street Southeast, Washington, DC 20020","1745 T Street Southeast, Washington, DC 20020",9802682721,9802682721
7VDVOZEPOBD9Q6ZB7,"1407 Walden Court, Crofton, MD 21114","1407 Walden Court, Crofton, MD 21114",9804041763,9804041763
79ILLYATHGHRK6JLV,"6463 Vrain Street, Arvada, CO 80003","6463 Vrain Street, Arvada, CO 80003",9803145377,9803145377
WR9IOHKPDI1TO97H7,"6463 Vrain Street, Arvada, CO 80003","6463 Vrain Street, Arvada, CO 80003",9803145377,9803145377
NUG3VCGFEMQVVUJAI,"81 Seaton Place Northwest, Washington, DC 20001","81 Seaton Place Northwest, Washington, DC 20001",9803094809,9803094809
CEHZ2RYSS1MQSL8PK,"388 East Main Street, , VT 05753","388 East Main Street, , VT 05753",9802844235,9802844235
70HYNDA494SFMZGYY,"5928 West Mauna Loa Lane, Glendale, AZ 85306","5928 West Mauna Loa Lane, Glendale, AZ 85306",9804211261,9804211261
HKA149Q20LF7A9X29,"6007 Applegate Lane, Louisville, KY 40219","6007 Applegate Lane, Louisville, KY 40219",9803107745,9803107745
TSAPRUBIF5BIGBD8B,"3162 Martin Luther King Junior Boulevard, Fayetteville, AR 72704","3162 Martin Luther King Junior Boulevard, Fayetteville, AR 72704",9804140660,9804140660
HPJMYNN9HUSOZW9S1,"560 Penstock Drive, Grass Valley, CA 95945","560 Penstock Drive, Grass Valley, CA 95945",9804115223,9804115223
UNOEM40YA5M5GEG3W,"150 Carter Street, Manchester, CT 06040","150 Carter Street, Manchester, CT 06040",9804249141,9804249141
2IH69QEG0N5AZSTGE,"416 McIver Street, Nashville, TN 37211","416 McIver Street, Nashville, TN 37211",9804029267,9804029267
6TX7KN2W34RPOLE61,"7431 Candace Way, Louisville, KY 40214","7431 Candace Way, Louisville, KY 40214",9804029265,9804029265
I0O3XYD1DNGPXIIB0,"60 Desousa Drive, Manchester, CT 06040","60 Desousa Drive, Manchester, CT 06040",9804092591,9804092591
Q81OUH31DKWD7P121,"150 Carter Street, Manchester, CT 06040","150 Carter Street, Manchester, CT 06040",9804249141,9804249141
VMDQQO9GS7ZNGM6KA,"210 Lacross Lane, Westmore, VT 05860","210 Lacross Lane, Westmore, VT 05860",9802721820,9802721820
2J9VC60F2FQF5G7LI,"81 Seaton Place Northwest, Washington, DC 20001","81 Seaton Place Northwest, Washington, DC 20001",9803094809,9803094809
W5I97095BJ05OOBNR,"7431 Candace Way, Louisville, KY 40214","7431 Candace Way, Louisville, KY 40214",9804029265,9804029265
99X8HUQVBNIV3JQRC,"3466 Southview Avenue, Montgomery, AL 36111","3466 Southview Avenue, Montgomery, AL 36111",9802882361,9802882361
32FQAI1OZRU81TQN9,"87 Horseshoe Drive, West Windsor, VT 05037","87 Horseshoe Drive, West Windsor, VT 05037",9804092590,9804092590
93ER0FHLE2I1BRKL7,"1208 Elkader Court North, Nashville, TN 37013","1208 Elkader Court North, Nashville, TN 37013",9803040372,9803040372
MNE1O9K1X52U1DAU6,"5601 West Crocus Drive, Glendale, AZ 85306","5601 West Crocus Drive, Glendale, AZ 85306",9802667289,9802667289
NFGEAGYPFG49N2RMV,"1407 Walden Court, Crofton, MD 21114","1407 Walden Court, Crofton, MD 21114",9804041763,9804041763
2PSZDY9PMCAN4A75P,"637 Britannia Drive, Vallejo, CA 94591","637 Britannia Drive, Vallejo, CA 94591",9802667288,9802667288
9CCCTGUS0UW70VDHC,"5601 West Crocus Drive, Glendale, AZ 85306","5601 West Crocus Drive, Glendale, AZ 85306",9802667289,9802667289
LMC5EBIFY4OHB72NG,"416 McIver Street, Nashville, TN 37211","416 McIver Street, Nashville, TN 37211",9804029267,9804029267
9W8WJB24KPMO7F58Q,"1267 Martin Street, Nashville, TN 37203","1267 Martin Street, Nashville, TN 37203",9804019343,9804019343
6BNO8GTYKW8GW290I,"5928 West Mauna Loa Lane, Glendale, AZ 85306","5928 West Mauna Loa Lane, Glendale, AZ 85306",9804211261,9804211261
9AAMLHBRQCE3WL9PW,"716 Waller Road, Brentwood, TN 37027","716 Waller Road, Brentwood, TN 37027",9804019342,9804019342
34LKA4YGE4GROVWH1,"450 Kinhawk Drive, Nashville, TN 37211","450 Kinhawk Drive, Nashville, TN 37211",9802981421,9802981421
W09ESDFFWHLFNX5L7,"629 Debbie Drive, Nashville, TN 37076","629 Debbie Drive, Nashville, TN 37076",9804165031,9804165031
VHGV98VWW46Z9YHW8,"716 Waller Road, Brentwood, TN 37027","716 Waller Road, Brentwood, TN 37027",9804019342,9804019342
2QF4I7IBXPQATH5G6,"3162 Martin Luther King Junior Boulevard, Fayetteville, AR 72704","3162 Martin Luther King Junior Boulevard, Fayetteville, AR 72704",9804140660,9804140660
C17R53S7055JI3PGO,"5403 Illinois Avenue, Nashville, TN 37209","5403 Illinois Avenue, Nashville, TN 37209",9802933570,9802933570
1GVQMQOMN1TR4AK87,"109 Summit Street, Burlington, VT 05401","109 Summit Street, Burlington, VT 05401",9804174498,9804174498
MVBEPVFSCGH1H83PI,"5403 Illinois Avenue, Nashville, TN 37209","5403 Illinois Avenue, Nashville, TN 37209",9802933570,9802933570
5Y7MA48ZVVT6GDSYX,"8821 West Myrtle Avenue, Glendale, AZ 85305","8821 West Myrtle Avenue, Glendale, AZ 85305",9802955552,9802955552
ORYFQXTUWJTP31BPT,"60 Desousa Drive, Manchester, CT 06040","60 Desousa Drive, Manchester, CT 06040",9804092591,9804092591
Y6CXX8GN15SUQQ7A8,"6463 Vrain Street, Arvada, CO 80003","6463 Vrain Street, Arvada, CO 80003",9803145377,9803145377
JV9GAI41C16DYUXAJ,"4 Old Colony Way, Yarmouth, MA 02664","4 Old Colony Way, Yarmouth, MA 02664",9804103823,9804103823
7JZE51LY60K4PUVV2,"6463 Vrain Street, Arvada, CO 80003","6463 Vrain Street, Arvada, CO 80003",9803145377,9803145377
F0A2F3NR1LGY04NHP,"2905 Stonebridge Court, Norman, OK 73071","2905 Stonebridge Court, Norman, OK 73071",9804152487,9804152487
H6I9D4UI6BI7IEEQ1,"1649 Timberridge Court, Fayetteville, AR 72704","1649 Timberridge Court, Fayetteville, AR 72704",9804127287,9804127287
H4JZU2VWFI4QT3PQN,"5601 West Crocus Drive, Glendale, AZ 85306","5601 West Crocus Drive, Glendale, AZ 85306",9802667289,9802667289
UOWGJUWYR1JLFCGOZ,"87 Horseshoe Drive, West Windsor, VT 05037","87 Horseshoe Drive, West Windsor, VT 05037",9804092590,9804092590
VHUXBSEPEOEZN09GM,"23 Sable Run Lane, Methuen, MA 01844","23 Sable Run Lane, Methuen, MA 01844",9803094811,9803094811
BHO55RIW2JSFLUEYC,"1407 Walden Court, Crofton, MD 21114","1407 Walden Court, Crofton, MD 21114",9804041763,9804041763
3P19DE3JQ2GO7T87Z,"308 Woodleaf Court, Glen Burnie, MD 21061","308 Woodleaf Court, Glen Burnie, MD 21061",9803072894,9803072894
FEKVJDYKC4ERE6XIV,"210 Green Road, Manchester, CT 06042","210 Green Road, Manchester, CT 06042",9803066400,9803066400
6XFCRMTJB2BKOM0HJ,"5461 West Shades Valley Drive, Montgomery, AL 36108","5461 West Shades Valley Drive, Montgomery, AL 36108",9804140659,9804140659
T8MRSCO6NWYPQ7E6M,"637 Britannia Drive, Vallejo, CA 94591","637 Britannia Drive, Vallejo, CA 94591",9802667288,9802667288
0WOKTCC5BVVKVWWPN,"560 Penstock Drive, Grass Valley, CA 95945","560 Penstock Drive, Grass Valley, CA 95945",9804115223,9804115223
5FRCBKKHB9UYAI9XH,"314 South 17th Street, Nashville, TN 37206","314 South 17th Street, Nashville, TN 37206",9804103824,9804103824
LO2NZFGTER9P091MS,"5306 Ritchie Highway, Baltimore, MD 21225","5306 Ritchie Highway, Baltimore, MD 21225",9804152488,9804152488
FYDQD4QY2GZI82F44,"150 Carter Street, Manchester, CT 06040","150 Carter Street, Manchester, CT 06040",9804249141,9804249141
D0O7EMRHG9V3I73JL,"637 Britannia Drive, Vallejo, CA 94591","637 Britannia Drive, Vallejo, CA 94591",9802667288,9802667288
EOLTPAU09VOJP0QOL,"5461 West Shades Valley Drive, Montgomery, AL 36108","5461 West Shades Valley Drive, Montgomery, AL 36108",9804140659,9804140659
24461DNDPLP4NUGCL,"637 Britannia Drive, Vallejo, CA 94591","637 Britannia Drive, Vallejo, CA 94591",9802667288,9802667288
K8S0WTZOEC8GAEHRS,"2203 7th Street Road, Louisville, KY 40208","2203 7th Street Road, Louisville, KY 40208",9803094812,9803094812
OXVQJOTZYKQOISQM4,"1745 T Street Southeast, Washington, DC 20020","1745 T Street Southeast, Washington, DC 20020",9802682721,9802682721
CDOUBJSBAGM2APT6Y,"4 Old Colony Way, Yarmouth, MA 02664","4 Old Colony Way, Yarmouth, MA 02664",9804103823,9804103823
8SPK2DTCV4LM19FY5,"131 Westerly Street, Manchester, CT 06042","131 Westerly Street, Manchester, CT 06042",9803058289,9803058289
WGFL6AL3A95UX8ESX,"20930 Todd Valley Road, Foresthill, CA 95631","20930 Todd Valley Road, Foresthill, CA 95631",9804152489,9804152489
0YJV3LSO9JF3FLLE5,"20930 Todd Valley Road, Foresthill, CA 95631","20930 Todd Valley Road, Foresthill, CA 95631",9804152489,9804152489
AOLOAU4WOV3QJMU6E,"210 Green Road, Manchester, CT 06042","210 Green Road, Manchester, CT 06042",9803066400,9803066400
SF5LRSQRLHMN8LRPE,"3034 Mica Street, Fayetteville, AR 72704","3034 Mica Street, Fayetteville, AR 72704",9804199937,9804199937
HIEK2LGHBJOUVE9MP,"802 Madison Street Northwest, Washington, DC 20011","802 Madison Street Northwest, Washington, DC 20011",9804307367,9804307367
EKAOEIQU7XJ00NOKK,"150 Carter Street, Manchester, CT 06040","150 Carter Street, Manchester, CT 06040",9804249141,9804249141
3K7QR9TWQYKRQ4KTT,"2905 Stonebridge Court, Norman, OK 73071","2905 Stonebridge Court, Norman, OK 73071",9804152487,9804152487
6Q4FAIZZBT6TKF6JP,"18 Densmore Drive, Essex, VT 05452","18 Densmore Drive, Essex, VT 05452",9802667287,9802667287
UY1YDRYSDHVVNT0WR,"210 Lacross Lane, Westmore, VT 05860","210 Lacross Lane, Westmore, VT 05860",9802721820,9802721820
6M1FB74BAC56ZQAFJ,"450 Kinhawk Drive, Nashville, TN 37211","450 Kinhawk Drive, Nashville, TN 37211",9802981421,9802981421
LA30CQE15FA1RHIU1,"7431 Candace Way, Louisville, KY 40214","7431 Candace Way, Louisville, KY 40214",9804029265,9804029265
L0IT7YE5W0P5T8GHI,"816 West 19th Avenue, Anchorage, AK 99503","816 West 19th Avenue, Anchorage, AK 99503",9804199936,9804199936
U6AHYDFKSGTTPMX1Y,"491 Arabian Way, Grand Junction, CO 81504","491 Arabian Way, Grand Junction, CO 81504",9802751029,9802751029
H6EO065UY9Z2C0ZU6,"132 Laurel Green Court, Savannah, GA 31419","132 Laurel Green Court, Savannah, GA 31419",9803015533,9803015533
RK7Z964WIVNFO5XOS,"5615 West Villa Maria Drive, Glendale, AZ 85308","5615 West Villa Maria Drive, Glendale, AZ 85308",9804092589,9804092589
HM00P0H9QB5T1HCT2,"1508 Massachusetts Avenue Southeast, Washington, DC 20003","1508 Massachusetts Avenue Southeast, Washington, DC 20003",9804071311,9804071311
WGDZLIZYVAFXUQBF2,"7431 Candace Way, Louisville, KY 40214","7431 Candace Way, Louisville, KY 40214",9804029265,9804029265
YVEXQSNDCGHGXVSRN,"80 North East Street, Holyoke, MA 01040","80 North East Street, Holyoke, MA 01040",9802833995,9802833995
FNLHQS9A4CL84DNFE,"1649 Timberridge Court, Fayetteville, AR 72704","1649 Timberridge Court, Fayetteville, AR 72704",9804127287,9804127287
TDZ0PH7B49BWUVKV9,"6463 Vrain Street, Arvada, CO 80003","6463 Vrain Street, Arvada, CO 80003",9803145377,9803145377
5QIAEZC36W9I02UOV,"1101 Lotus Avenue, Glen Burnie, MD 21061","1101 Lotus Avenue, Glen Burnie, MD 21061",9802721819,9802721819
ZNJA64I51PZ8GQCX2,"1364 Capri Drive, Panama City, FL 32405","1364 Capri Drive, Panama City, FL 32405",9803001871,9803001871
HH0CEKJZ3B9GQ7DOQ,"1508 Massachusetts Avenue Southeast, Washington, DC 20003","1508 Massachusetts Avenue Southeast, Washington, DC 20003",9804071311,9804071311
URFQCGA5WAEOP6GHA,"5306 Ritchie Highway, Baltimore, MD 21225","5306 Ritchie Highway, Baltimore, MD 21225",9804152488,9804152488
78SXIRR70PXKAY8NX,"5114 Greentree Drive, Nashville, TN 37211","5114 Greentree Drive, Nashville, TN 37211",9802751028,9802751028
7FW3G1257DO4AEF5W,"12245 West 71st Place, Arvada, CO 80004","12245 West 71st Place, Arvada, CO 80004",9802819074,9802819074
4DLRCY17H8YC5CKO6,"5114 Greentree Drive, Nashville, TN 37211","5114 Greentree Drive, Nashville, TN 37211",9802751028,9802751028
ZAYWI94JI507DC56B,"87 Horseshoe Drive, West Windsor, VT 05037","87 Horseshoe Drive, West Windsor, VT 05037",9804092590,9804092590
ZHGSH5H6D1YDDL2LL,"816 West 19th Avenue, Anchorage, AK 99503","816 West 19th Avenue, Anchorage, AK 99503",9804199936,9804199936
TC8YHQ9J9M64YMRB5,"1745 T Street Southeast, Washington, DC 20020","1745 T Street Southeast, Washington, DC 20020",9802682721,9802682721
QPHJ27ER15N3FU5K9,"5615 West Villa Maria Drive, Glendale, AZ 85308","5615 West Villa Maria Drive, Glendale, AZ 85308",9804092589,9804092589
NONG2PN4JVTMFX2LC,"6007 Applegate Lane, Louisville, KY 40219","6007 Applegate Lane, Louisville, KY 40219",9803107745,9803107745
LA9FWZFPTN0EKTDYX,"5928 West Mauna Loa Lane, Glendale, AZ 85306","5928 West Mauna Loa Lane, Glendale, AZ 85306",9804211261,9804211261
ZFS7TPGNS61KQW3UF,"1208 Elkader Court North, Nashville, TN 37013","1208 Elkader Court North, Nashville, TN 37013",9803040372,9803040372
QT7XPF4Z979JU5SC7,"4695 East Huntsville Road, Fayetteville, AR 72701","4695 East Huntsville Road, Fayetteville, AR 72701",9802833996,9802833996
WOKYX6QPZVWNM2RPK,"3162 Martin Luther King Junior Boulevard, Fayetteville, AR 72704","3162 Martin Luther King Junior Boulevard, Fayetteville, AR 72704",9804140660,9804140660
KCDWIOZJVE3T8Z1SK,"491 Arabian Way, Grand Junction, CO 81504","491 Arabian Way, Grand Junction, CO 81504",9802751029,9802751029
BKC9SSR4Y9LXKSPEL,"5461 West Shades Valley Drive, Montgomery, AL 36108","5461 West Shades Valley Drive, Montgomery, AL 36108",9804140659,9804140659
EFYUQLFEQX0D61ZNH,"637 Britannia Drive, Vallejo, CA 94591","637 Britannia Drive, Vallejo, CA 94591",9802667288,9802667288
BH8526ZIC4Q4MFTIH,"80 North East Street, Holyoke, MA 01040","80 North East Street, Holyoke, MA 01040",9802833995,9802833995
N43S5X9REBPR9HB5J,"172 Alburg Springs Road, Alburgh, VT 05440","172 Alburg Springs Road, Alburgh, VT 05440",9804224059,9804224059
M2M7S1L6UC2H8666F,"600 West 19th Avenue, Anchorage, AK 99503","600 West 19th Avenue, Anchorage, AK 99503",9803015532,9803015532
IT1S0K7KX0K44R3D6,"310 Timrod Road, Manchester, CT 06040","310 Timrod Road, Manchester, CT 06040",9802994185,9802994185
TR3H9FXY7YGWY4R56,"109 Summit Street, Burlington, VT 05401","109 Summit Street, Burlington, VT 05401",9804174498,9804174498
Q7H8IREWDN6ZH6Y0V,"1513 Cathy Street, Savannah, GA 31415","1513 Cathy Street, Savannah, GA 31415",9803001870,9803001870
YSDDK85RB4TFDVBV4,"5601 West Crocus Drive, Glendale, AZ 85306","5601 West Crocus Drive, Glendale, AZ 85306",9802667289,9802667289
3MEFYSG74IMH2X99V,"716 Waller Road, Brentwood, TN 37027","716 Waller Road, Brentwood, TN 37027",9804019342,9804019342
1JS8TQAGL6Z93J36Z,"5306 Ritchie Highway, Baltimore, MD 21225","5306 Ritchie Highway, Baltimore, MD 21225",9804152488,9804152488
HXMMFRL3KCRWRLRT4,"416 McIver Street, Nashville, TN 37211","416 McIver Street, Nashville, TN 37211",9804029267,9804029267
FGG88G46U1LBFZD4S,"12245 West 71st Place, Arvada, CO 80004","12245 West 71st Place, Arvada, CO 80004",9802819074,9802819074
L9TSU1WAT6KO7OLYD,"20930 Todd Valley Road, Foresthill, CA 95631","20930 Todd Valley Road, Foresthill, CA 95631",9804152489,9804152489
FU8K9C3O29J2SUOUY,"3162 Martin Luther King Junior Boulevard, Fayetteville, AR 72704","3162 Martin Luther King Junior Boulevard, Fayetteville, AR 72704",9804140660,9804140660
P6D9YM8Y5UJ4N5I4O,"172 Alburg Springs Road, Alburgh, VT 05440","172 Alburg Springs Road, Alburgh, VT 05440",9804224059,9804224059
5SWRREPTL1QTEVISY,"5615 West Villa Maria Drive, Glendale, AZ 85308","5615 West Villa Maria Drive, Glendale, AZ 85308",9804092589,9804092589
91TAYZHM7A407V8O6,"81 Seaton Place Northwest, Washington, DC 20001","81 Seaton Place Northwest, Washington, DC 20001",9803094809,9803094809
LULKNEW7JIOZIZVGG,"5461 West Shades Valley Drive, Montgomery, AL 36108","5461 West Shades Valley Drive, Montgomery, AL 36108",9804140659,9804140659
VS1VGD1FPSWW6PJ4R,"210 Green Road, Manchester, CT 06042","210 Green Road, Manchester, CT 06042",9803066400,9803066400
IO5VC1YSOHL3G6ENX,"1407 Walden Court, Crofton, MD 21114","1407 Walden Court, Crofton, MD 21114",9804041763,9804041763
NAQCULMD1Q0SB6PK8,"1649 Timberridge Court, Fayetteville, AR 72704","1649 Timberridge Court, Fayetteville, AR 72704",9804127287,9804127287
DASEUKSP2DMIX619N,"1267 Martin Street, Nashville, TN 37203","1267 Martin Street, Nashville, TN 37203",9804019343,9804019343
JI4NKG7VDVECX3T1E,"22572 Toreador Drive, Salinas, CA 93908","22572 Toreador Drive, Salinas, CA 93908",9804199864,9804199864
H6RM7SC92WW8QIWM9,"4 Old Colony Way, Yarmouth, MA 02664","4 Old Colony Way, Yarmouth, MA 02664",9804103823,9804103823
CQI59L6GUULVMN8BY,"802 Madison Street Northwest, Washington, DC 20011","802 Madison Street Northwest, Washington, DC 20011",9804307367,9804307367
ZXP66PMFIHS4UM30E,"3729 East Mission Boulevard, Fayetteville, AR 72703","3729 East Mission Boulevard, Fayetteville, AR 72703",9802667290,9802667290
D7UW9ZGS2ITOXBIE6,"5108 Franklin Street, Savannah, GA 31405","5108 Franklin Street, Savannah, GA 31405",9804273061,9804273061
1NJKNQG465ZFY1CVU,"132 Laurel Green Court, Savannah, GA 31419","132 Laurel Green Court, Savannah, GA 31419",9803015533,9803015533
0GYJJXBC0WQ84UFEY,"22572 Toreador Drive, Salinas, CA 93908","22572 Toreador Drive, Salinas, CA 93908",9804199864,9804199864
Z3HNSG2PBISTPT3S8,"5306 Ritchie Highway, Baltimore, MD 21225","5306 Ritchie Highway, Baltimore, MD 21225",9804152488,9804152488
E4G6AWR1E4891TJON,"109 Summit Street, Burlington, VT 05401","109 Summit Street, Burlington, VT 05401",9804174498,9804174498
CRQ0C4EM5DHRPYGWP,"450 Kinhawk Drive, Nashville, TN 37211","450 Kinhawk Drive, Nashville, TN 37211",9802981421,9802981421
EP866DA38OVB2ANMA,"7431 Candace Way, Louisville, KY 40214","7431 Candace Way, Louisville, KY 40214",9804029265,9804029265
RVFGLKAL4B9QT9IJM,"1101 Lotus Avenue, Glen Burnie, MD 21061","1101 Lotus Avenue, Glen Burnie, MD 21061",9802721819,9802721819
M8ZMZIAADVB5OOKLB,"6657 West Rose Garden Lane, Glendale, AZ 85308","6657 West Rose Garden Lane, Glendale, AZ 85308",9803040371,9803040371
SSJNTTNDDUD1OBOCR,"49548 Road 200, O'Neals, CA 93645","49548 Road 200, O'Neals, CA 93645",9803072893,9803072893
FOC4WA327HS9QN1LN,"60 Desousa Drive, Manchester, CT 06040","60 Desousa Drive, Manchester, CT 06040",9804092591,9804092591
W0NFJW91LZ18VGAIO,"132 Laurel Green Court, Savannah, GA 31419","132 Laurel Green Court, Savannah, GA 31419",9803015533,9803015533
LAT6281W4J6F39CBN,"1267 Martin Street, Nashville, TN 37203","1267 Martin Street, Nashville, TN 37203",9804019343,9804019343
40QN7DXTM2XXJSEYX,"4695 East Huntsville Road, Fayetteville, AR 72701","4695 East Huntsville Road, Fayetteville, AR 72701",9802833996,9802833996
PYYA1UW31OMZPLOE1,"12245 West 71st Place, Arvada, CO 80004","12245 West 71st Place, Arvada, CO 80004",9802819074,9802819074
H58RPZV80D4PXNPTS,"2905 Stonebridge Court, Norman, OK 73071","2905 Stonebridge Court, Norman, OK 73071",9804152487,9804152487
ISAAERV1URFK7SD38,"5306 Ritchie Highway, Baltimore, MD 21225","5306 Ritchie Highway, Baltimore, MD 21225",9804152488,9804152488
EG63O0OK76DF470ID,"2811 Battery Place Northwest, Washington, DC 20016","2811 Battery Place Northwest, Washington, DC 20016",9802561972,9802561972
3YAUOZM0C44UWIDLW,"308 Woodleaf Court, Glen Burnie, MD 21061","308 Woodleaf Court, Glen Burnie, MD 21061",9803072894,9803072894
7M1D8D7CXT6ADMO2T,"491 Arabian Way, Grand Junction, CO 81504","491 Arabian Way, Grand Junction, CO 81504",9802751029,9802751029
L44IW1KAV5NMZW5BL,"1364 Capri Drive, Panama City, FL 32405","1364 Capri Drive, Panama City, FL 32405",9803001871,9803001871
6BGB0KNXJNQPLLE0O,"816 West 19th Avenue, Anchorage, AK 99503","816 West 19th Avenue, Anchorage, AK 99503",9804199936,9804199936
WGGJ24Y15WOZZ9JAL,"6657 West Rose Garden Lane, Glendale, AZ 85308","6657 West Rose Garden Lane, Glendale, AZ 85308",9803040371,9803040371
R996XBM4QUNLWMJ3D,"8376 Albacore Drive, Pasadena, MD 21122","8376 Albacore Drive, Pasadena, MD 21122",9802738066,9802738066
3B9DO8PGVJXRJM280,"10826 Pointe Royal Drive, Bakersfield, CA 93311","10826 Pointe Royal Drive, Bakersfield, CA 93311",9802751027,9802751027
BM4OMUPYRRTO16FRW,"270 Chrissy's Court, , VT 05443","270 Chrissy's Court, , VT 05443",9802620779,9802620779
8UBK18URFORVDBJ1C,"5108 Franklin Street, Savannah, GA 31405","5108 Franklin Street, Savannah, GA 31405",9804273061,9804273061
W5ZWISTYKJ1XHGDQI,"700 Winston Place, Anchorage, AK 99504","700 Winston Place, Anchorage, AK 99504",9804087440,9804087440
TQO2LF7J2OUMJV9O8,"10826 Pointe Royal Drive, Bakersfield, CA 93311","10826 Pointe Royal Drive, Bakersfield, CA 93311",9802751027,9802751027
ZW4RJMIJK0DHF7XJW,"310 Timrod Road, Manchester, CT 06040","310 Timrod Road, Manchester, CT 06040",9802994185,9802994185
EKY5DHC9RST2EED0R,"270 Chrissy's Court, , VT 05443","270 Chrissy's Court, , VT 05443",9802620779,9802620779
TFE5ZI0DSXGGHEC5Y,"913 Fallview Trail, Nashville, TN 37211","913 Fallview Trail, Nashville, TN 37211",9802448724,9802448724
3AL2RVKT8IBJAA6X5,"8376 Albacore Drive, Pasadena, MD 21122","8376 Albacore Drive, Pasadena, MD 21122",9802738066,9802738066
Y3UZKWFLD74Y525WH,"159 Downey Drive, Manchester, CT 06040","159 Downey Drive, Manchester, CT 06040",9802448723,9802448723
64J82CV242A97OLOZ,"6601 West Ocotillo Road, Glendale, AZ 85301","6601 West Ocotillo Road, Glendale, AZ 85301",9802917046,9802917046
W86QMR52HTHEVRKYW,"87 Horseshoe Drive, West Windsor, VT 05037","87 Horseshoe Drive, West Windsor, VT 05037",9804092590,9804092590
9J4ERI2PCEB70WDH7,"87 Horseshoe Drive, West Windsor, VT 05037","87 Horseshoe Drive, West Windsor, VT 05037",9804092590,9804092590
OBVIIXVVM8AKTCN7F,"416 McIver Street, Nashville, TN 37211","416 McIver Street, Nashville, TN 37211",9804029267,9804029267
4CINP1FEXSV710YFN,"6007 Applegate Lane, Louisville, KY 40219","6007 Applegate Lane, Louisville, KY 40219",9803107745,9803107745
M3VXXG8Y8ZQSQ4ZYR,"1208 Elkader Court North, Nashville, TN 37013","1208 Elkader Court North, Nashville, TN 37013",9803040372,9803040372
S92L39SFAVZCZUWRQ,"159 Downey Drive, Manchester, CT 06040","159 Downey Drive, Manchester, CT 06040",9802448723,9802448723
GANNRWVBF7E68UNMB,"3466 Southview Avenue, Montgomery, AL 36111","3466 Southview Avenue, Montgomery, AL 36111",9802882361,9802882361
2DTFFYYZVIUDYPSZ1,"3034 Mica Street, Fayetteville, AR 72704","3034 Mica Street, Fayetteville, AR 72704",9804199937,9804199937
FUF645P94953E4W1L,"23 Sable Run Lane, Methuen, MA 01844","23 Sable Run Lane, Methuen, MA 01844",9803094811,9803094811
ZZ8Y206W4GPSV2H8O,"5461 West Shades Valley Drive, Montgomery, AL 36108","5461 West Shades Valley Drive, Montgomery, AL 36108",9804140659,9804140659
TM8A819ZCBGOD4TVF,"18 Densmore Drive, Essex, VT 05452","18 Densmore Drive, Essex, VT 05452",9802667287,9802667287
ATTSEZ4BXRC51ZCIH,"3466 Southview Avenue, Montgomery, AL 36111","3466 Southview Avenue, Montgomery, AL 36111",9802882361,9802882361
8XBDQOMQQJIZQ0USM,"20930 Todd Valley Road, Foresthill, CA 95631","20930 Todd Valley Road, Foresthill, CA 95631",9804152489,9804152489
6CJ1TI0UNLYYCLWVL,"150 Carter Street, Manchester, CT 06040","150 Carter Street, Manchester, CT 06040",9804249141,9804249141
QKYWK0TE2CEDIDJX2,"716 Waller Road, Brentwood, TN 37027","716 Waller Road, Brentwood, TN 37027",9804019342,9804019342
S4H4O3HBT3NK3N80E,"131 Westerly Street, Manchester, CT 06042","131 Westerly Street, Manchester, CT 06042",9803058289,9803058289
2ZUESOLSI7101UBEM,"12245 West 71st Place, Arvada, CO 80004","12245 West 71st Place, Arvada, CO 80004",9802819074,9802819074
6SISHQTVOOATEOTJD,"2010 Rising Hill Drive, Norman, OK 73071","2010 Rising Hill Drive, Norman, OK 73071",9802819075,9802819075
EENQVISZH8R9OJ8DT,"802 Madison Street Northwest, Washington, DC 20011","802 Madison Street Northwest, Washington, DC 20011",9804307367,9804307367
WG9YF9XBT1BFINZMF,"3034 Mica Street, Fayetteville, AR 72704","3034 Mica Street, Fayetteville, AR 72704",9804199937,9804199937
43T24GEQIENWF0ZR4,"700 Winston Place, Anchorage, AK 99504","700 Winston Place, Anchorage, AK 99504",9804087440,9804087440
1VMNBQA7J8QSDW02Q,"491 Arabian Way, Grand Junction, CO 81504","491 Arabian Way, Grand Junction, CO 81504",9802751029,9802751029
T0EEUEQK23E94NHFN,"4695 East Huntsville Road, Fayetteville, AR 72701","4695 East Huntsville Road, Fayetteville, AR 72701",9802833996,9802833996
VH31Q8ARGZU09I3X4,"125 John Street, Santa Cruz, CA 95060","125 John Street, Santa Cruz, CA 95060",9802620778,9802620778
BBK74X09OT0T4WNSE,"310 Timrod Road, Manchester, CT 06040","310 Timrod Road, Manchester, CT 06040",9802994185,9802994185
JENJCUR63TTM69MHZ,"1508 Massachusetts Avenue Southeast, Washington, DC 20003","1508 Massachusetts Avenue Southeast, Washington, DC 20003",9804071311,9804071311
GVKEUU9UPZEG6GTHX,"5108 Franklin Street, Savannah, GA 31405","5108 Franklin Street, Savannah, GA 31405",9804273061,9804273061
2546H74Z6VNQXG44E,"416 McIver Street, Nashville, TN 37211","416 McIver Street, Nashville, TN 37211",9804029267,9804029267
5EODSFPF1J1RCMIII,"60 Desousa Drive, Manchester, CT 06040","60 Desousa Drive, Manchester, CT 06040",9804092591,9804092591
ULUMFGNT2UY6ESDCM,"314 South 17th Street, Nashville, TN 37206","314 South 17th Street, Nashville, TN 37206",9804103824,9804103824
ZODG4U7TWN2C5YIYH,"308 Woodleaf Court, Glen Burnie, MD 21061","308 Woodleaf Court, Glen Burnie, MD 21061",9803072894,9803072894
708N30ESUGKHO2DB5,"629 Debbie Drive, Nashville, TN 37076","629 Debbie Drive, Nashville, TN 37076",9804165031,9804165031
PXLQY4OWTGQHX02QL,"2811 Battery Place Northwest, Washington, DC 20016","2811 Battery Place Northwest, Washington, DC 20016",9802561972,9802561972
9BP5FVX9J1MFDQOQA,"8376 Albacore Drive, Pasadena, MD 21122","8376 Albacore Drive, Pasadena, MD 21122",9802738066,9802738066
KPKWV1TZ71DW4JLWR,"1101 Lotus Avenue, Glen Burnie, MD 21061","1101 Lotus Avenue, Glen Burnie, MD 21061",9802721819,9802721819
419KBBDAB6EBPEK9L,"1364 Capri Drive, Panama City, FL 32405","1364 Capri Drive, Panama City, FL 32405",9803001871,9803001871
IO588LNN5ZBQFBDZS,"310 Timrod Road, Manchester, CT 06040","310 Timrod Road, Manchester, CT 06040",9802994185,9802994185
E1XNUB9RSTPGVI5QV,"450 Kinhawk Drive, Nashville, TN 37211","450 Kinhawk Drive, Nashville, TN 37211",9802981421,9802981421
B4PE53YWY735RG1FL,"232 Maine Avenue, Panama City, FL 32401","232 Maine Avenue, Panama City, FL 32401",9804103822,9804103822
RJ6UYG26KGJ8F6381,"5811 Crossings Boulevard, Nashville, TN 37013","5811 Crossings Boulevard, Nashville, TN 37013",9804211262,9804211262
CG53DX4U7VZ0TR3WK,"125 John Street, Santa Cruz, CA 95060","125 John Street, Santa Cruz, CA 95060",9802620778,9802620778
BQQ8GCN8JWHL6SW2M,"131 Westerly Street, Manchester, CT 06042","131 Westerly Street, Manchester, CT 06042",9803058289,9803058289
AFFS85FZM4PJ4K3KU,"6007 Applegate Lane, Louisville, KY 40219","6007 Applegate Lane, Louisville, KY 40219",9803107745,9803107745
ZYIWDL1VQ568GH3Z5,"1745 T Street Southeast, Washington, DC 20020","1745 T Street Southeast, Washington, DC 20020",9802682721,9802682721
WNRHE7FFN15TM2JJS,"1745 T Street Southeast, Washington, DC 20020","1745 T Street Southeast, Washington, DC 20020",9802682721,9802682721
4AHOG3HY81M6ARIXJ,"6007 Applegate Lane, Louisville, KY 40219","6007 Applegate Lane, Louisville, KY 40219",9803107745,9803107745
3RR56BSJ8E5HEQUCI,"87 Horseshoe Drive, West Windsor, VT 05037","87 Horseshoe Drive, West Windsor, VT 05037",9804092590,9804092590
SEWZPY3JO4YAWMILY,"210 Green Road, Manchester, CT 06042","210 Green Road, Manchester, CT 06042",9803066400,9803066400
9TMSEZ953R5FWLO61,"18 Densmore Drive, Essex, VT 05452","18 Densmore Drive, Essex, VT 05452",9802667287,9802667287
RYETS6JDWUIMBMCL5,"6463 Vrain Street, Arvada, CO 80003","6463 Vrain Street, Arvada, CO 80003",9803145377,9803145377
AA3M8DI3OQCG450XQ,"1513 Cathy Street, Savannah, GA 31415","1513 Cathy Street, Savannah, GA 31415",9803001870,9803001870
EK2G6RCZS23DQFP74,"159 Downey Drive, Manchester, CT 06040","159 Downey Drive, Manchester, CT 06040",9802448723,9802448723
0TL10TJIWBS4PSRDQ,"74 Springfield Street, Agawam, MA 01001","74 Springfield Street, Agawam, MA 01001",9804071310,9804071310
LX6URW6N7J78X5HLN,"3729 East Mission Boulevard, Fayetteville, AR 72703","3729 East Mission Boulevard, Fayetteville, AR 72703",9802667290,9802667290
U2BQ2R25WBWWUFW63,"629 Debbie Drive, Nashville, TN 37076","629 Debbie Drive, Nashville, TN 37076",9804165031,9804165031
MMIJTU45IALJ6ICIS,"49548 Road 200, O'Neals, CA 93645","49548 Road 200, O'Neals, CA 93645",9803072893,9803072893
OLIF32CE8BJOCFAS4,"600 West 19th Avenue, Anchorage, AK 99503","600 West 19th Avenue, Anchorage, AK 99503",9803015532,9803015532
UYL8UBQYT329UVZT1,"3466 Southview Avenue, Montgomery, AL 36111","3466 Southview Avenue, Montgomery, AL 36111",9802882361,9802882361
PF48JD3FJWG8RSM2P,"5928 West Mauna Loa Lane, Glendale, AZ 85306","5928 West Mauna Loa Lane, Glendale, AZ 85306",9804211261,9804211261
KHP5SYVQVSFABTNED,"600 West 19th Avenue, Anchorage, AK 99503","600 West 19th Avenue, Anchorage, AK 99503",9803015532,9803015532
WPE50JKMP6G2MD5CK,"1649 Timberridge Court, Fayetteville, AR 72704","1649 Timberridge Court, Fayetteville, AR 72704",9804127287,9804127287
PKUSJLVZQU1T36AN3,"5906 Milton Avenue, Deale, MD 20751","5906 Milton Avenue, Deale, MD 20751",9804057613,9804057613
0EPA2Y82L2RXCNMGL,"5403 Illinois Avenue, Nashville, TN 37209","5403 Illinois Avenue, Nashville, TN 37209",9802933570,9802933570
0FQ33LYJE0DZ2I5J6,"1903 Bashford Manor Lane, Louisville, KY 40218","1903 Bashford Manor Lane, Louisville, KY 40218",9803072892,9803072892
5BQRGB0Y452MNPTRR,"74 Springfield Street, Agawam, MA 01001","74 Springfield Street, Agawam, MA 01001",9804071310,9804071310
JQDMTYSZQP7U2PKPU,"1267 Martin Street, Nashville, TN 37203","1267 Martin Street, Nashville, TN 37203",9804019343,9804019343
NS2CBEH7KAKTV7Q3S,"1770 Colony Way, Fayetteville, AR 72704","1770 Colony Way, Fayetteville, AR 72704",9802944514,9802944514
YI5FVLTQBWRNZSHDO,"4695 East Huntsville Road, Fayetteville, AR 72701","4695 East Huntsville Road, Fayetteville, AR 72701",9802833996,9802833996
DE3D6GIPQNLA9ZUQU,"1903 Bashford Manor Lane, Louisville, KY 40218","1903 Bashford Manor Lane, Louisville, KY 40218",9803072892,9803072892
QSTM293R76G0J9ZIA,"130 Old Route 103, Chester, VT 05143","130 Old Route 103, Chester, VT 05143",9802620780,9802620780
CRKQRZNKISFSGDPSN,"6657 West Rose Garden Lane, Glendale, AZ 85308","6657 West Rose Garden Lane, Glendale, AZ 85308",9803040371,9803040371
BD8QUJ9KRKEOMWATV,"3034 Mica Street, Fayetteville, AR 72704","3034 Mica Street, Fayetteville, AR 72704",9804199937,9804199937
SDXM76CQJ1YM6GNGY,"5601 West Crocus Drive, Glendale, AZ 85306","5601 West Crocus Drive, Glendale, AZ 85306",9802667289,9802667289
BE9LY743J8VLQ9COX,"1364 Capri Drive, Panama City, FL 32405","1364 Capri Drive, Panama City, FL 32405",9803001871,9803001871
Z5OW26048X5OSU1DV,"87 Horseshoe Drive, West Windsor, VT 05037","87 Horseshoe Drive, West Windsor, VT 05037",9804092590,9804092590
9WS4A7995NQJ607RB,"1267 Martin Street, Nashville, TN 37203","1267 Martin Street, Nashville, TN 37203",9804019343,9804019343
E89NQDMXHSTCQ2SFQ,"81 Seaton Place Northwest, Washington, DC 20001","81 Seaton Place Northwest, Washington, DC 20001",9803094809,9803094809
3AHJGG48HPVSLZQR2,"8315 Surf Drive, Panama City Beach, FL 32408","8315 Surf Drive, Panama City Beach, FL 32408",9803094810,9803094810
KNO7T53NI1XJG5MWW,"23 Sable Run Lane, Methuen, MA 01844","23 Sable Run Lane, Methuen, MA 01844",9803094811,9803094811
7SK8RE9SVQGHZUXSF,"165 Saint John Street, Manchester, CT 06040","165 Saint John Street, Manchester, CT 06040",9803040373,9803040373
VAN0X4J54GUMXCJ0P,"18 Densmore Drive, Essex, VT 05452","18 Densmore Drive, Essex, VT 05452",9802667287,9802667287
PULBQZ4613EKZKP0B,"2811 Battery Place Northwest, Washington, DC 20016","2811 Battery Place Northwest, Washington, DC 20016",9802561972,9802561972
BV3X7J8GB3JSXIVOJ,"8315 Surf Drive, Panama City Beach, FL 32408","8315 Surf Drive, Panama City Beach, FL 32408",9803094810,9803094810
DFKFPU8XJLL8OHVY9,"1347 Blackwalnut Court, Annapolis, MD 21403","1347 Blackwalnut Court, Annapolis, MD 21403",9802917048,9802917048
B2X5XP3TIF5GXDURA,"165 Saint John Street, Manchester, CT 06040","165 Saint John Street, Manchester, CT 06040",9803040373,9803040373
4B9ORYKS0LTED38FI,"130 Old Route 103, Chester, VT 05143","130 Old Route 103, Chester, VT 05143",9802620780,9802620780
FTA1J45XF9PKDU6TM,"1903 Bashford Manor Lane, Louisville, KY 40218","1903 Bashford Manor Lane, Louisville, KY 40218",9803072892,9803072892
Z1MH39VOBFOKWIG0F,"8502 Madrone Avenue, Louisville, KY 40258","8502 Madrone Avenue, Louisville, KY 40258",9803084944,9803084944
0AI4T3B4F8QDLVQ6T,"8315 Surf Drive, Panama City Beach, FL 32408","8315 Surf Drive, Panama City Beach, FL 32408",9803094810,9803094810
TPHSQLKIMORZOSLDV,"232 Maine Avenue, Panama City, FL 32401","232 Maine Avenue, Panama City, FL 32401",9804103822,9804103822
2U8R4RQQQFYET71Q3,"450 Kinhawk Drive, Nashville, TN 37211","450 Kinhawk Drive, Nashville, TN 37211",9802981421,9802981421
4JW57PHKFJB4Z1WE0,"165 Saint John Street, Manchester, CT 06040","165 Saint John Street, Manchester, CT 06040",9803040373,9803040373
8NOS8D1W5H2YDL8F2,"519 West 75th Avenue, Anchorage, AK 99518","519 West 75th Avenue, Anchorage, AK 99518",9803084946,9803084946
KVX2F14AO1PWIKVHE,"1347 Blackwalnut Court, Annapolis, MD 21403","1347 Blackwalnut Court, Annapolis, MD 21403",9802917048,9802917048
8G497W5IPC2HVBVKK,"132 Laurel Green Court, Savannah, GA 31419","132 Laurel Green Court, Savannah, GA 31419",9803015533,9803015533
C1K03NJINJ9CRYKM1,"4695 East Huntsville Road, Fayetteville, AR 72701","4695 East Huntsville Road, Fayetteville, AR 72701",9802833996,9802833996
FL2WQV6RQOXBIEXAH,"18 Densmore Drive, Essex, VT 05452","18 Densmore Drive, Essex, VT 05452",9802667287,9802667287
YVW3SQ0E7VWJ3MKDI,"2721 Lindsay Avenue, Louisville, KY 40206","2721 Lindsay Avenue, Louisville, KY 40206",9804347670,9804347670
6Q97I6I4R87CAKYZ6,"450 Kinhawk Drive, Nashville, TN 37211","450 Kinhawk Drive, Nashville, TN 37211",9802981421,9802981421
26DO1NS8JLLWRX9Q3,"1513 Cathy Street, Savannah, GA 31415","1513 Cathy Street, Savannah, GA 31415",9803001870,9803001870
7ONL0H81E5WKVCKAD,"4 Old Colony Way, Yarmouth, MA 02664","4 Old Colony Way, Yarmouth, MA 02664",9804103823,9804103823
7HZV9ZY23W7Q6N7SL,"3034 Mica Street, Fayetteville, AR 72704","3034 Mica Street, Fayetteville, AR 72704",9804199937,9804199937
IQ3LIN8JLFCI3RYYE,"637 Britannia Drive, Vallejo, CA 94591","637 Britannia Drive, Vallejo, CA 94591",9802667288,9802667288
DT05ARWBVY7DQTAES,"8821 West Myrtle Avenue, Glendale, AZ 85305","8821 West Myrtle Avenue, Glendale, AZ 85305",9802955552,9802955552
H2RKIXGUI19VGSW1V,"8821 West Myrtle Avenue, Glendale, AZ 85305","8821 West Myrtle Avenue, Glendale, AZ 85305",9802955552,9802955552
KZ3N96HAAN6L6CWFV,"4 Old Colony Way, Yarmouth, MA 02664","4 Old Colony Way, Yarmouth, MA 02664",9804103823,9804103823
PF1ITKPQT7AXWD9F4,"629 Debbie Drive, Nashville, TN 37076","629 Debbie Drive, Nashville, TN 37076",9804165031,9804165031
AJLEVFUDF76NRPAYW,"2721 Lindsay Avenue, Louisville, KY 40206","2721 Lindsay Avenue, Louisville, KY 40206",9804347670,9804347670
4TI7V7B46D3B51WVN,"600 West 19th Avenue, Anchorage, AK 99503","600 West 19th Avenue, Anchorage, AK 99503",9803015532,9803015532
L9B93PSEAZVEUM95P,"31353 Santa Elena Way, Union City, CA 94587","31353 Santa Elena Way, Union City, CA 94587",9804029266,9804029266
BV6YE480E60GJGV1D,"5461 West Shades Valley Drive, Montgomery, AL 36108","5461 West Shades Valley Drive, Montgomery, AL 36108",9804140659,9804140659
1I22OESJBDF47EIV4,"314 South 17th Street, Nashville, TN 37206","314 South 17th Street, Nashville, TN 37206",9804103824,9804103824
FDPHVARIS97JZ4J6B,"81 Seaton Place Northwest, Washington, DC 20001","81 Seaton Place Northwest, Washington, DC 20001",9803094809,9803094809
LMZUIVO0TJ1GWCMII,"87 Horseshoe Drive, West Windsor, VT 05037","87 Horseshoe Drive, West Windsor, VT 05037",9804092590,9804092590
6IAU0VMWIMUCJYO89,"7431 Candace Way, Louisville, KY 40214","7431 Candace Way, Louisville, KY 40214",9804029265,9804029265
9V5ZCY5E9DP1D0UD8,"8315 Surf Drive, Panama City Beach, FL 32408","8315 Surf Drive, Panama City Beach, FL 32408",9803094810,9803094810
A8HN0ZOX9HF88U8F3,"8821 West Myrtle Avenue, Glendale, AZ 85305","8821 West Myrtle Avenue, Glendale, AZ 85305",9802955552,9802955552
JUYCR96TIWEFGQJLA,"388 East Main Street, , VT 05753","388 East Main Street, , VT 05753",9802844235,9802844235
K39QOKFFYDBZCJJO9,"5461 West Shades Valley Drive, Montgomery, AL 36108","5461 West Shades Valley Drive, Montgomery, AL 36108",9804140659,9804140659
YLAVTKU4RKSM2TJBZ,"8376 Albacore Drive, Pasadena, MD 21122","8376 Albacore Drive, Pasadena, MD 21122",9802738066,9802738066
XUEDNUBS5GOXAREIG,"2811 Battery Place Northwest, Washington, DC 20016","2811 Battery Place Northwest, Washington, DC 20016",9802561972,9802561972
064D9BSX4WQZNF2XT,"159 Downey Drive, Manchester, CT 06040","159 Downey Drive, Manchester, CT 06040",9802448723,9802448723
KKGSMY7O1IPCMZ5ZE,"1649 Timberridge Court, Fayetteville, AR 72704","1649 Timberridge Court, Fayetteville, AR 72704",9804127287,9804127287
2S75TBKA0N1EM4BOB,"23 Sable Run Lane, Methuen, MA 01844","23 Sable Run Lane, Methuen, MA 01844",9803094811,9803094811
PCFAZB2VNXUW0K7XE,"450 Kinhawk Drive, Nashville, TN 37211","450 Kinhawk Drive, Nashville, TN 37211",9802981421,9802981421
61BUUQNXG4C5N63X1,"20930 Todd Valley Road, Foresthill, CA 95631","20930 Todd Valley Road, Foresthill, CA 95631",9804152489,9804152489
KAMP6M6Y4ILIDQA0W,"172 Alburg Springs Road, Alburgh, VT 05440","172 Alburg Springs Road, Alburgh, VT 05440",9804224059,9804224059
Y4C4822IF67Q7TX8X,"125 John Street, Santa Cruz, CA 95060","125 John Street, Santa Cruz, CA 95060",9802620778,9802620778
Y1BV6G36IQF558E14,"716 Waller Road, Brentwood, TN 37027","716 Waller Road, Brentwood, TN 37027",9804019342,9804019342
FTRNXE7YSUVEKM91D,"109 Summit Street, Burlington, VT 05401","109 Summit Street, Burlington, VT 05401",9804174498,9804174498
PCX0TBHB6YUCY2BJW,"20930 Todd Valley Road, Foresthill, CA 95631","20930 Todd Valley Road, Foresthill, CA 95631",9804152489,9804152489
9VDVMWMNV5IH2C2IY,"5114 Greentree Drive, Nashville, TN 37211","5114 Greentree Drive, Nashville, TN 37211",9802751028,9802751028
PA8CJH1CH4DEJR36R,"270 Chrissy's Court, , VT 05443","270 Chrissy's Court, , VT 05443",9802620779,9802620779
19L1A9O954M914HMZ,"816 West 19th Avenue, Anchorage, AK 99503","816 West 19th Avenue, Anchorage, AK 99503",9804199936,9804199936
FW2S27G12PJ6K4W21,"716 Waller Road, Brentwood, TN 37027","716 Waller Road, Brentwood, TN 37027",9804019342,9804019342
KIPTVARU3S5C6PYV4,"416 McIver Street, Nashville, TN 37211","416 McIver Street, Nashville, TN 37211",9804029267,9804029267
2LIXURP0EB86YCBDV,"172 Alburg Springs Road, Alburgh, VT 05440","172 Alburg Springs Road, Alburgh, VT 05440",9804224059,9804224059
1UGCYWTA4DCWK7KPE,"165 Saint John Street, Manchester, CT 06040","165 Saint John Street, Manchester, CT 06040",9803040373,9803040373
TFTBTPOEW9SBHRLGY,"12245 West 71st Place, Arvada, CO 80004","12245 West 71st Place, Arvada, CO 80004",9802819074,9802819074
KHUBPHDXHJPX7AU4B,"7431 Candace Way, Louisville, KY 40214","7431 Candace Way, Louisville, KY 40214",9804029265,9804029265
ITUERPXC57LY0ELVB,"2409 Research Boulevard, Fort Collins, CO 80526","2409 Research Boulevard, Fort Collins, CO 80526",9803066399,9803066399
N6WYHZM6ESA7ZJCJQ,"416 McIver Street, Nashville, TN 37211","416 McIver Street, Nashville, TN 37211",9804029267,9804029267
IZ5X8EVF8VBM0UKLF,"4695 East Huntsville Road, Fayetteville, AR 72701","4695 East Huntsville Road, Fayetteville, AR 72701",9802833996,9802833996
4X6GN1CJ4D2UGMSGO,"1508 Massachusetts Avenue Southeast, Washington, DC 20003","1508 Massachusetts Avenue Southeast, Washington, DC 20003",9804071311,9804071311
GROHGXG5F853ZUSF4,"232 Maine Avenue, Panama City, FL 32401","232 Maine Avenue, Panama City, FL 32401",9804103822,9804103822
ZV3M1GRVDDDJX735M,"8800 Cordell Circle, Anchorage, AK 99502","8800 Cordell Circle, Anchorage, AK 99502",9804152490,9804152490
QEOQV08AMHABBI10C,"1347 Blackwalnut Court, Annapolis, MD 21403","1347 Blackwalnut Court, Annapolis, MD 21403",9802917048,9802917048
I4QLDNKTONL5AE1XF,"3034 Mica Street, Fayetteville, AR 72704","3034 Mica Street, Fayetteville, AR 72704",9804199937,9804199937
N5RFAO01FRGFROH6B,"308 Woodleaf Court, Glen Burnie, MD 21061","308 Woodleaf Court, Glen Burnie, MD 21061",9803072894,9803072894
I70HWWLPHYXXYFVEW,"49548 Road 200, O'Neals, CA 93645","49548 Road 200, O'Neals, CA 93645",9803072893,9803072893
LZXK3TLTNYYUALKRL,"388 East Main Street, , VT 05753","388 East Main Street, , VT 05753",9802844235,9802844235
4EGOVILTKDMCBNKZ4,"74 Ranch Drive, Montgomery, AL 36109","74 Ranch Drive, Montgomery, AL 36109",9802905694,9802905694
QX3718ID5LJ4OJWB7,"1420 Turtleback Trail, Panama City, FL 32413","1420 Turtleback Trail, Panama City, FL 32413",9804188236,9804188236
E0ZEE0Y3PZR8B47SI,"19416 Barclay Road, Castro Valley, CA 94546","19416 Barclay Road, Castro Valley, CA 94546",9802917047,9802917047
KWTT0UDNA5JM84VND,"3301 Old Muldoon Road, Anchorage, AK 99504","3301 Old Muldoon Road, Anchorage, AK 99504",9804115222,9804115222
PIG4P0ZUB8XCQZ2FA,"7 Underwood Place Northwest, Washington, DC 20012","7 Underwood Place Northwest, Washington, DC 20012",9804347669,9804347669
LV6NSCZOAN6V5DJ7U,"6601 West Ocotillo Road, Glendale, AZ 85301","6601 West Ocotillo Road, Glendale, AZ 85301",9802917046,9802917046
71VVN9HQGOCCBNSB7,"10826 Pointe Royal Drive, Bakersfield, CA 93311","10826 Pointe Royal Drive, Bakersfield, CA 93311",9802751027,9802751027
70ZZLHP15F4G4J5N5,"270 Chrissy's Court, , VT 05443","270 Chrissy's Court, , VT 05443",9802620779,9802620779
6QZFFBHLJVITEFFJV,"1347 Blackwalnut Court, Annapolis, MD 21403","1347 Blackwalnut Court, Annapolis, MD 21403",9802917048,9802917048
KRV93E7XJ0UQF0V8K,"81 Seaton Place Northwest, Washington, DC 20001","81 Seaton Place Northwest, Washington, DC 20001",9803094809,9803094809
GVDS1CWJ67YJJTDI1,"1508 Massachusetts Avenue Southeast, Washington, DC 20003","1508 Massachusetts Avenue Southeast, Washington, DC 20003",9804071311,9804071311
35P4U3ZM7WZDWMZP8,"700 Winston Place, Anchorage, AK 99504","700 Winston Place, Anchorage, AK 99504",9804087440,9804087440
IL99AIUPI8KJ4NPBF,"8505 Waters Avenue, Savannah, GA 31406","8505 Waters Avenue, Savannah, GA 31406",9804307366,9804307366
67RA8Z6FC5H78LJ9S,"2905 Stonebridge Court, Norman, OK 73071","2905 Stonebridge Court, Norman, OK 73071",9804152487,9804152487
OVBELZL80K6K919MA,"1420 Turtleback Trail, Panama City, FL 32413","1420 Turtleback Trail, Panama City, FL 32413",9804188236,9804188236
AJ44XD1XX8RZTMF8S,"8315 Surf Drive, Panama City Beach, FL 32408","8315 Surf Drive, Panama City Beach, FL 32408",9803094810,9803094810
FJW4VDEBELR10DH48,"1903 Bashford Manor Lane, Louisville, KY 40218","1903 Bashford Manor Lane, Louisville, KY 40218",9803072892,9803072892
3N2ZI7YNGUX9RHGEN,"21950 Arnold Center Road, Carson, CA 90810","21950 Arnold Center Road, Carson, CA 90810",9802905693,9802905693
OR1S0I5W2JLX2T4EH,"816 West 19th Avenue, Anchorage, AK 99503","816 West 19th Avenue, Anchorage, AK 99503",9804199936,9804199936
NDQJAI7KPL0EDJIR8,"210 Lacross Lane, Westmore, VT 05860","210 Lacross Lane, Westmore, VT 05860",9802721820,9802721820
LR62WX3YUXLB5HAXX,"21950 Arnold Center Road, Carson, CA 90810","21950 Arnold Center Road, Carson, CA 90810",9802905693,9802905693
UTFNYEQS0P7VH6Q6W,"2409 Research Boulevard, Fort Collins, CO 80526","2409 Research Boulevard, Fort Collins, CO 80526",9803066399,9803066399
66O707W8WEADDR4UH,"1420 Turtleback Trail, Panama City, FL 32413","1420 Turtleback Trail, Panama City, FL 32413",9804188236,9804188236
IEJG7D7IFUNGPNHA0,"210 Lacross Lane, Westmore, VT 05860","210 Lacross Lane, Westmore, VT 05860",9802721820,9802721820
M25R2L7KWYXDV67YL,"1427 South Carolina Avenue Southeast, Washington, DC 20003","1427 South Carolina Avenue Southeast, Washington, DC 20003",9803043365,9803043365
18ERY3SC7ZLGJOSH4,"1420 Turtleback Trail, Panama City, FL 32413","1420 Turtleback Trail, Panama City, FL 32413",9804188236,9804188236
Y64SJ4XKNQQ1Y5IKR,"81 Seaton Place Northwest, Washington, DC 20001","81 Seaton Place Northwest, Washington, DC 20001",9803094809,9803094809
Q7NLBL4L6II04XWTK,"20930 Todd Valley Road, Foresthill, CA 95631","20930 Todd Valley Road, Foresthill, CA 95631",9804152489,9804152489
H74XI4DHTDAQIVHQR,"8502 Madrone Avenue, Louisville, KY 40258","8502 Madrone Avenue, Louisville, KY 40258",9803084944,9803084944
EPX18EQORF09P9QP9,"81 Seaton Place Northwest, Washington, DC 20001","81 Seaton Place Northwest, Washington, DC 20001",9803094809,9803094809
W42U3TGBBD5DCZ1JX,"172 Alburg Springs Road, Alburgh, VT 05440","172 Alburg Springs Road, Alburgh, VT 05440",9804224059,9804224059
8RVP5FJBJCR4Q9J6Z,"913 Fallview Trail, Nashville, TN 37211","913 Fallview Trail, Nashville, TN 37211",9802448724,9802448724
GSVB9TCFJYW62K3IE,"1208 Elkader Court North, Nashville, TN 37013","1208 Elkader Court North, Nashville, TN 37013",9803040372,9803040372
3PKMWAP5OTCTJ38ED,"491 Arabian Way, Grand Junction, CO 81504","491 Arabian Way, Grand Junction, CO 81504",9802751029,9802751029
X9TU1CQYV5PT6TX82,"5108 Franklin Street, Savannah, GA 31405","5108 Franklin Street, Savannah, GA 31405",9804273061,9804273061
YP5AMLTHLMF2KYBKR,"131 Westerly Street, Manchester, CT 06042","131 Westerly Street, Manchester, CT 06042",9803058289,9803058289
622PQT8T6GHD649TR,"1364 Capri Drive, Panama City, FL 32405","1364 Capri Drive, Panama City, FL 32405",9803001871,9803001871
6Z77FA6T8BX53B346,"132 Laurel Green Court, Savannah, GA 31419","132 Laurel Green Court, Savannah, GA 31419",9803015533,9803015533
G9DQ7S7KQ20L6UYV3,"308 Woodleaf Court, Glen Burnie, MD 21061","308 Woodleaf Court, Glen Burnie, MD 21061",9803072894,9803072894
OIIFTHJWMJ7D3PNP8,"74 Springfield Street, Agawam, MA 01001","74 Springfield Street, Agawam, MA 01001",9804071310,9804071310
4P6QUVE66Z2IUXJLO,"172 Alburg Springs Road, Alburgh, VT 05440","172 Alburg Springs Road, Alburgh, VT 05440",9804224059,9804224059
993MOQKW01TB19683,"1407 Walden Court, Crofton, MD 21114","1407 Walden Court, Crofton, MD 21114",9804041763,9804041763
O54NOC3HL5RK7JJ5O,"81 Seaton Place Northwest, Washington, DC 20001","81 Seaton Place Northwest, Washington, DC 20001",9803094809,9803094809
TZKVXPE9EP8UU32MX,"117 East Cook Avenue, Anchorage, AK 99501","117 East Cook Avenue, Anchorage, AK 99501",9804199865,9804199865
SKATK4VSHR3SN5DB5,"5114 Greentree Drive, Nashville, TN 37211","5114 Greentree Drive, Nashville, TN 37211",9802751028,9802751028
HA5DKKWXUY3F4U2SC,"491 Arabian Way, Grand Junction, CO 81504","491 Arabian Way, Grand Junction, CO 81504",9802751029,9802751029
YTQP7FPG53LJSFOML,"1364 Capri Drive, Panama City, FL 32405","1364 Capri Drive, Panama City, FL 32405",9803001871,9803001871
I7CMZW88CYX074N1O,"5114 Greentree Drive, Nashville, TN 37211","5114 Greentree Drive, Nashville, TN 37211",9802751028,9802751028
ZRUFP7QYVPKUOMLPQ,"232 Maine Avenue, Panama City, FL 32401","232 Maine Avenue, Panama City, FL 32401",9804103822,9804103822
EX8Y82EBMX951XYV0,"172 Alburg Springs Road, Alburgh, VT 05440","172 Alburg Springs Road, Alburgh, VT 05440",9804224059,9804224059
235I1NZZR59KR6T5N,"125 John Street, Santa Cruz, CA 95060","125 John Street, Santa Cruz, CA 95060",9802620778,9802620778
MZ20M1GPWMWT1QJG0,"22572 Toreador Drive, Salinas, CA 93908","22572 Toreador Drive, Salinas, CA 93908",9804199864,9804199864
CN5LTOXNJZUQ3IJJG,"310 Timrod Road, Manchester, CT 06040","310 Timrod Road, Manchester, CT 06040",9802994185,9802994185
T64KXF4L5GMXMHT0W,"31353 Santa Elena Way, Union City, CA 94587","31353 Santa Elena Way, Union City, CA 94587",9804029266,9804029266
MPFM9WXPO5ALPA433,"8502 Madrone Avenue, Louisville, KY 40258","8502 Madrone Avenue, Louisville, KY 40258",9803084944,9803084944
HY1TT8JY61MVLP251,"2010 Rising Hill Drive, Norman, OK 73071","2010 Rising Hill Drive, Norman, OK 73071",9802819075,9802819075
PMVFFG3XU1HVE36UJ,"8398 West Denton Lane, Glendale, AZ 85305","8398 West Denton Lane, Glendale, AZ 85305",9804057614,9804057614
WGNYJ62MZOJNUT0NH,"210 Lacross Lane, Westmore, VT 05860","210 Lacross Lane, Westmore, VT 05860",9802721820,9802721820
HESQI8XZ6J1QIUB0X,"913 Fallview Trail, Nashville, TN 37211","913 Fallview Trail, Nashville, TN 37211",9802448724,9802448724
3ZM0XZVY0YN17FLOS,"1208 Elkader Court North, Nashville, TN 37013","1208 Elkader Court North, Nashville, TN 37013",9803040372,9803040372
TYRKLYRPRDGF6WW5J,"5811 Crossings Boulevard, Nashville, TN 37013","5811 Crossings Boulevard, Nashville, TN 37013",9804211262,9804211262
UV6YOU0E6B8DK4TLK,"2905 Stonebridge Court, Norman, OK 73071","2905 Stonebridge Court, Norman, OK 73071",9804152487,9804152487
EQHABZD4HG1G5ZDP3,"2811 Battery Place Northwest, Washington, DC 20016","2811 Battery Place Northwest, Washington, DC 20016",9802561972,9802561972
YTMDJTWCECH6VFZ5G,"1 Kempf Drive, Easton, MA 02375","1 Kempf Drive, Easton, MA 02375",9804127288,9804127288
ARGDOFJOHZ5MYTCF8,"1427 South Carolina Avenue Southeast, Washington, DC 20003","1427 South Carolina Avenue Southeast, Washington, DC 20003",9803043365,9803043365
G4Q3E5M2HEQROIXQ0,"8800 Cordell Circle, Anchorage, AK 99502","8800 Cordell Circle, Anchorage, AK 99502",9804152490,9804152490
QMRHVH6YK3UG2K9PA,"519 West 75th Avenue, Anchorage, AK 99518","519 West 75th Avenue, Anchorage, AK 99518",9803084946,9803084946
AJNDMLCXGYU80BRMW,"308 Woodleaf Court, Glen Burnie, MD 21061","308 Woodleaf Court, Glen Burnie, MD 21061",9803072894,9803072894
MZNPVBZJSSYLVTWIW,"74 Ranch Drive, Montgomery, AL 36109","74 Ranch Drive, Montgomery, AL 36109",9802905694,9802905694
VGYUE6N3VJ309SO6R,"132 Laurel Green Court, Savannah, GA 31419","132 Laurel Green Court, Savannah, GA 31419",9803015533,9803015533
80F86867I4UKHAIGG,"132 Laurel Green Court, Savannah, GA 31419","132 Laurel Green Court, Savannah, GA 31419",9803015533,9803015533
D4VJDNB707ANHISA1,"125 John Street, Santa Cruz, CA 95060","125 John Street, Santa Cruz, CA 95060",9802620778,9802620778
TCZG3BG8ICG3Z2NG0,"130 Old Route 103, Chester, VT 05143","130 Old Route 103, Chester, VT 05143",9802620780,9802620780
WB487ILNLN2GRPK9R,"21950 Arnold Center Road, Carson, CA 90810","21950 Arnold Center Road, Carson, CA 90810",9802905693,9802905693
QJ6SHDKPSR0RO3O1Z,"519 West 75th Avenue, Anchorage, AK 99518","519 West 75th Avenue, Anchorage, AK 99518",9803084946,9803084946
HC7VWA0V4TDKGO0ZS,"159 Downey Drive, Manchester, CT 06040","159 Downey Drive, Manchester, CT 06040",9802448723,9802448723
SCO1D6XZAF9S3SOCR,"23 Sable Run Lane, Methuen, MA 01844","23 Sable Run Lane, Methuen, MA 01844",9803094811,9803094811
PZDB1CV3KC7OAPAA2,"2409 Research Boulevard, Fort Collins, CO 80526","2409 Research Boulevard, Fort Collins, CO 80526",9803066399,9803066399
6H2B5X745XVHAMJUM,"232 Maine Avenue, Panama City, FL 32401","232 Maine Avenue, Panama City, FL 32401",9804103822,9804103822
434MORMRI80GO24L3,"519 West 75th Avenue, Anchorage, AK 99518","519 West 75th Avenue, Anchorage, AK 99518",9803084946,9803084946
PAYH4Z2X6PCKF1PKZ,"519 West 75th Avenue, Anchorage, AK 99518","519 West 75th Avenue, Anchorage, AK 99518",9803084946,9803084946
5QRXGT9SX0T3QZXZE,"5615 West Villa Maria Drive, Glendale, AZ 85308","5615 West Villa Maria Drive, Glendale, AZ 85308",9804092589,9804092589
PFTXKRGGQDJ4XHW6V,"21950 Arnold Center Road, Carson, CA 90810","21950 Arnold Center Road, Carson, CA 90810",9802905693,9802905693
MUR5LMEUDMDUWSFJU,"4695 East Huntsville Road, Fayetteville, AR 72701","4695 East Huntsville Road, Fayetteville, AR 72701",9802833996,9802833996
VU730LYJ7JQ5DD4EW,"388 East Main Street, , VT 05753","388 East Main Street, , VT 05753",9802844235,9802844235
Q95BJETSLMW0T8L87,"6657 West Rose Garden Lane, Glendale, AZ 85308","6657 West Rose Garden Lane, Glendale, AZ 85308",9803040371,9803040371
K85YODQQ6WC6C9J29,"491 Arabian Way, Grand Junction, CO 81504","491 Arabian Way, Grand Junction, CO 81504",9802751029,9802751029
Z0M5O5QLU5WI812DE,"1347 Blackwalnut Court, Annapolis, MD 21403","1347 Blackwalnut Court, Annapolis, MD 21403",9802917048,9802917048
0VAUQM2HHFN1V2QT1,"21950 Arnold Center Road, Carson, CA 90810","21950 Arnold Center Road, Carson, CA 90810",9802905693,9802905693
QI9IT8M1Z8VR15OJ4,"80 North East Street, Holyoke, MA 01040","80 North East Street, Holyoke, MA 01040",9802833995,9802833995
D38ETKP1H4FNT9DIF,"3301 Old Muldoon Road, Anchorage, AK 99504","3301 Old Muldoon Road, Anchorage, AK 99504",9804115222,9804115222
W7B4UB2Y44F7WXQZX,"8505 Waters Avenue, Savannah, GA 31406","8505 Waters Avenue, Savannah, GA 31406",9804307366,9804307366
P1EIB40BNT32THH92,"8502 Madrone Avenue, Louisville, KY 40258","8502 Madrone Avenue, Louisville, KY 40258",9803084944,9803084944
7GGL2ZCOP7HSLKVXR,"2409 Research Boulevard, Fort Collins, CO 80526","2409 Research Boulevard, Fort Collins, CO 80526",9803066399,9803066399
LFG90JLFNC152695S,"519 West 75th Avenue, Anchorage, AK 99518","519 West 75th Avenue, Anchorage, AK 99518",9803084946,9803084946
PLLFQ6V5MS2J30GGS,"19416 Barclay Road, Castro Valley, CA 94546","19416 Barclay Road, Castro Valley, CA 94546",9802917047,9802917047
KJP0K15370PU4DVHW,"3162 Martin Luther King Junior Boulevard, Fayetteville, AR 72704","3162 Martin Luther King Junior Boulevard, Fayetteville, AR 72704",9804140660,9804140660
UDIU77M7EW1DVKEM5,"232 Maine Avenue, Panama City, FL 32401","232 Maine Avenue, Panama City, FL 32401",9804103822,9804103822
KRDV37LPHUIF7DQ72,"23 Sable Run Lane, Methuen, MA 01844","23 Sable Run Lane, Methuen, MA 01844",9803094811,9803094811
IPOZY1YHV1MHL9ZLE,"23 Sable Run Lane, Methuen, MA 01844","23 Sable Run Lane, Methuen, MA 01844",9803094811,9803094811
LZTIK415DFL0F1NOY,"3162 Martin Luther King Junior Boulevard, Fayetteville, AR 72704","3162 Martin Luther King Junior Boulevard, Fayetteville, AR 72704",9804140660,9804140660
TGDWULRM8INI2PJVM,"2409 Research Boulevard, Fort Collins, CO 80526","2409 Research Boulevard, Fort Collins, CO 80526",9803066399,9803066399
XKMUAK0KXL3852WTX,"12245 West 71st Place, Arvada, CO 80004","12245 West 71st Place, Arvada, CO 80004",9802819074,9802819074
42695GT96FIM7PHUE,"1427 South Carolina Avenue Southeast, Washington, DC 20003","1427 South Carolina Avenue Southeast, Washington, DC 20003",9803043365,9803043365
YQZUMEDC5SUBDBQJE,"1101 Lotus Avenue, Glen Burnie, MD 21061","1101 Lotus Avenue, Glen Burnie, MD 21061",9802721819,9802721819
IPCL6OBT7UDYCFQAP,"270 Chrissy's Court, , VT 05443","270 Chrissy's Court, , VT 05443",9802620779,9802620779
EL9ZX9JY05PI3F0RZ,"308 Woodleaf Court, Glen Burnie, MD 21061","308 Woodleaf Court, Glen Burnie, MD 21061",9803072894,9803072894
N6M37A8A8M715QPGF,"1508 Massachusetts Avenue Southeast, Washington, DC 20003","1508 Massachusetts Avenue Southeast, Washington, DC 20003",9804071311,9804071311
3EHDFXF58ELZZ8G6F,"2409 Research Boulevard, Fort Collins, CO 80526","2409 Research Boulevard, Fort Collins, CO 80526",9803066399,9803066399
WHYHUFUM1KWSH8LXS,"816 West 19th Avenue, Anchorage, AK 99503","816 West 19th Avenue, Anchorage, AK 99503",9804199936,9804199936
AAF0RHY0Y1A0X337B,"132 Laurel Green Court, Savannah, GA 31419","132 Laurel Green Court, Savannah, GA 31419",9803015533,9803015533
I9J5ZM5PD9QHSFZIB,"8398 West Denton Lane, Glendale, AZ 85305","8398 West Denton Lane, Glendale, AZ 85305",9804057614,9804057614
Q3OCSB0DA00AFOUHZ,"8800 Cordell Circle, Anchorage, AK 99502","8800 Cordell Circle, Anchorage, AK 99502",9804152490,9804152490
BP8XNQT8FDBWC6CO9,"74 Ranch Drive, Montgomery, AL 36109","74 Ranch Drive, Montgomery, AL 36109",9802905694,9802905694
VLH7NLG5SNNS2QLHE,"80 North East Street, Holyoke, MA 01040","80 North East Street, Holyoke, MA 01040",9802833995,9802833995
CTLKW757XPU018DF3,"19416 Barclay Road, Castro Valley, CA 94546","19416 Barclay Road, Castro Valley, CA 94546",9802917047,9802917047
HJN92QZ0S74QDJUGW,"31353 Santa Elena Way, Union City, CA 94587","31353 Santa Elena Way, Union City, CA 94587",9804029266,9804029266
MULJWB5JM54478R7G,"1508 Massachusetts Avenue Southeast, Washington, DC 20003","1508 Massachusetts Avenue Southeast, Washington, DC 20003",9804071311,9804071311
P71DA11ZSD0AULJQ7,"1347 Blackwalnut Court, Annapolis, MD 21403","1347 Blackwalnut Court, Annapolis, MD 21403",9802917048,9802917048
MRNAXU2HK6MI2SR4X,"1427 South Carolina Avenue Southeast, Washington, DC 20003","1427 South Carolina Avenue Southeast, Washington, DC 20003",9803043365,9803043365
7H4JZOOTHHU03FTJZ,"5306 Ritchie Highway, Baltimore, MD 21225","5306 Ritchie Highway, Baltimore, MD 21225",9804152488,9804152488
PC3Z9ZOOHHW6PFJHA,"130 Old Route 103, Chester, VT 05143","130 Old Route 103, Chester, VT 05143",9802620780,9802620780
IQE5ZRNWDQ87BYBSJ,"3301 Old Muldoon Road, Anchorage, AK 99504","3301 Old Muldoon Road, Anchorage, AK 99504",9804115222,9804115222
5ADOF30P1CYD3FB8R,"1 Kempf Drive, Easton, MA 02375","1 Kempf Drive, Easton, MA 02375",9804127288,9804127288
HLXHY68AW1WWXXCLG,"1508 Massachusetts Avenue Southeast, Washington, DC 20003","1508 Massachusetts Avenue Southeast, Washington, DC 20003",9804071311,9804071311
4TGDCK3VXXGGHACCQ,"8315 Surf Drive, Panama City Beach, FL 32408","8315 Surf Drive, Panama City Beach, FL 32408",9803094810,9803094810
CCT4GAYPHE3JUW329,"117 East Cook Avenue, Anchorage, AK 99501","117 East Cook Avenue, Anchorage, AK 99501",9804199865,9804199865
YAWRZDVP3E8S2XW1L,"310 Timrod Road, Manchester, CT 06040","310 Timrod Road, Manchester, CT 06040",9802994185,9802994185
25O2OKWRTFNGKNJZ8,"130 Old Route 103, Chester, VT 05143","130 Old Route 103, Chester, VT 05143",9802620780,9802620780
L6UB68CYJ7X0C30AI,"5811 Crossings Boulevard, Nashville, TN 37013","5811 Crossings Boulevard, Nashville, TN 37013",9804211262,9804211262
6DBIZO5E79I2VWMZC,"716 Waller Road, Brentwood, TN 37027","716 Waller Road, Brentwood, TN 37027",9804019342,9804019342
E69GTL3S8KD8E0HS9,"31353 Santa Elena Way, Union City, CA 94587","31353 Santa Elena Way, Union City, CA 94587",9804029266,9804029266
XSB6D5VYANQF8U6M3,"132 Laurel Green Court, Savannah, GA 31419","132 Laurel Green Court, Savannah, GA 31419",9803015533,9803015533
7KBE3F9IS02NI7ZLY,"519 West 75th Avenue, Anchorage, AK 99518","519 West 75th Avenue, Anchorage, AK 99518",9803084946,9803084946
JCP03VP2H8ZXNHT7B,"5811 Crossings Boulevard, Nashville, TN 37013","5811 Crossings Boulevard, Nashville, TN 37013",9804211262,9804211262
R5EE9XQ07S9HBBI6L,"8376 Albacore Drive, Pasadena, MD 21122","8376 Albacore Drive, Pasadena, MD 21122",9802738066,9802738066
DWECS79Y4LBB2PF06,"310 Timrod Road, Manchester, CT 06040","310 Timrod Road, Manchester, CT 06040",9802994185,9802994185
C5SD5303MD6T5DSMY,"165 Saint John Street, Manchester, CT 06040","165 Saint John Street, Manchester, CT 06040",9803040373,9803040373
CK6XGGAOO0LURII68,"8505 Waters Avenue, Savannah, GA 31406","8505 Waters Avenue, Savannah, GA 31406",9804307366,9804307366
TJ0TYFTFKSTDXSLQY,"10826 Pointe Royal Drive, Bakersfield, CA 93311","10826 Pointe Royal Drive, Bakersfield, CA 93311",9802751027,9802751027
D387PHQ09YKHHGH7K,"117 East Cook Avenue, Anchorage, AK 99501","117 East Cook Avenue, Anchorage, AK 99501",9804199865,9804199865
DPVJA3QI4WOOUK46F,"19416 Barclay Road, Castro Valley, CA 94546","19416 Barclay Road, Castro Valley, CA 94546",9802917047,9802917047
NFQA85XAW4RV9SVTT,"80 North East Street, Holyoke, MA 01040","80 North East Street, Holyoke, MA 01040",9802833995,9802833995
WGEIR6CJHKHOKT9B6,"74 Ranch Drive, Montgomery, AL 36109","74 Ranch Drive, Montgomery, AL 36109",9802905694,9802905694
Z5U0834DW7EVJ4HV5,"1420 Turtleback Trail, Panama City, FL 32413","1420 Turtleback Trail, Panama City, FL 32413",9804188236,9804188236
NCRU0M6WNEGWRP3Q6,"1770 Colony Way, Fayetteville, AR 72704","1770 Colony Way, Fayetteville, AR 72704",9802944514,9802944514
YCJ33U3JSB461I6MD,"3301 Old Muldoon Road, Anchorage, AK 99504","3301 Old Muldoon Road, Anchorage, AK 99504",9804115222,9804115222
SE3DCVAXEAJC8XF0C,"130 Old Route 103, Chester, VT 05143","130 Old Route 103, Chester, VT 05143",9802620780,9802620780
5H0MN0RJYHC23EL7L,"2409 Research Boulevard, Fort Collins, CO 80526","2409 Research Boulevard, Fort Collins, CO 80526",9803066399,9803066399
JI6A3U4AXWE95ZK66,"1364 Capri Drive, Panama City, FL 32405","1364 Capri Drive, Panama City, FL 32405",9803001871,9803001871
1OFIHFASO5U7X15W6,"6601 West Ocotillo Road, Glendale, AZ 85301","6601 West Ocotillo Road, Glendale, AZ 85301",9802917046,9802917046
W3NJ1ZIAY5Q6SKCR2,"1101 Lotus Avenue, Glen Burnie, MD 21061","1101 Lotus Avenue, Glen Burnie, MD 21061",9802721819,9802721819
QJOOSATQZZKO1IYJ1,"6657 West Rose Garden Lane, Glendale, AZ 85308","6657 West Rose Garden Lane, Glendale, AZ 85308",9803040371,9803040371
Q802ZUV97X1X5ELVE,"80 North East Street, Holyoke, MA 01040","80 North East Street, Holyoke, MA 01040",9802833995,9802833995
4SD7YJNA79677JI3E,"130 Old Route 103, Chester, VT 05143","130 Old Route 103, Chester, VT 05143",9802620780,9802620780
DY63672MQX2Q6ALSJ,"3301 Old Muldoon Road, Anchorage, AK 99504","3301 Old Muldoon Road, Anchorage, AK 99504",9804115222,9804115222
7UFJ80VT19BRGWWSZ,"8800 Cordell Circle, Anchorage, AK 99502","8800 Cordell Circle, Anchorage, AK 99502",9804152490,9804152490
J2ID9ZYDLT6VPPH85,"8376 Albacore Drive, Pasadena, MD 21122","8376 Albacore Drive, Pasadena, MD 21122",9802738066,9802738066
G5MXBKVSID1U218ZG,"6231 North 67th Avenue, Glendale, AZ 85301","6231 North 67th Avenue, Glendale, AZ 85301",9804199938,9804199938
AO161KDMBCNXYUPUL,"74 Ranch Drive, Montgomery, AL 36109","74 Ranch Drive, Montgomery, AL 36109",9802905694,9802905694
311GVPFAIDPO9Y9Y4,"4695 East Huntsville Road, Fayetteville, AR 72701","4695 East Huntsville Road, Fayetteville, AR 72701",9802833996,9802833996
423X785I8MWMT8B5V,"5811 Crossings Boulevard, Nashville, TN 37013","5811 Crossings Boulevard, Nashville, TN 37013",9804211262,9804211262
7O32KXIKK5SM7QJIZ,"1 Kempf Drive, Easton, MA 02375","1 Kempf Drive, Easton, MA 02375",9804127288,9804127288
ZLPPKUG5JQTEL6U68,"74 Ranch Drive, Montgomery, AL 36109","74 Ranch Drive, Montgomery, AL 36109",9802905694,9802905694
JWA7KBDHAUPQW4QFI,"6657 West Rose Garden Lane, Glendale, AZ 85308","6657 West Rose Garden Lane, Glendale, AZ 85308",9803040371,9803040371
6XHQ14HKKMMVZC187,"109 Summit Street, Burlington, VT 05401","109 Summit Street, Burlington, VT 05401",9804174498,9804174498
Y7EHVOWF5KYB0D5YP,"1364 Capri Drive, Panama City, FL 32405","1364 Capri Drive, Panama City, FL 32405",9803001871,9803001871
VNDGNFQH5EUVNS0VQ,"172 Alburg Springs Road, Alburgh, VT 05440","172 Alburg Springs Road, Alburgh, VT 05440",9804224059,9804224059
DK9O6DIE8RXV37OBP,"270 Chrissy's Court, , VT 05443","270 Chrissy's Court, , VT 05443",9802620779,9802620779
N5KMTEC14FWAX50EO,"1427 South Carolina Avenue Southeast, Washington, DC 20003","1427 South Carolina Avenue Southeast, Washington, DC 20003",9803043365,9803043365
BFQ61D6BSO1RO38XM,"1347 Blackwalnut Court, Annapolis, MD 21403","1347 Blackwalnut Court, Annapolis, MD 21403",9802917048,9802917048
C51S6GJK490ZM4XYT,"7 Underwood Place Northwest, Washington, DC 20012","7 Underwood Place Northwest, Washington, DC 20012",9804347669,9804347669
4374S5NYDN399E22K,"1903 Bashford Manor Lane, Louisville, KY 40218","1903 Bashford Manor Lane, Louisville, KY 40218",9803072892,9803072892
AO0STURM02FBM49P4,"491 Arabian Way, Grand Junction, CO 81504","491 Arabian Way, Grand Junction, CO 81504",9802751029,9802751029
GRK5T13YGXXOPS7RN,"172 Alburg Springs Road, Alburgh, VT 05440","172 Alburg Springs Road, Alburgh, VT 05440",9804224059,9804224059
DKAJ4OYQ5Z4QSSHXH,"19416 Barclay Road, Castro Valley, CA 94546","19416 Barclay Road, Castro Valley, CA 94546",9802917047,9802917047
431O3ZABZ72GPK887,"117 East Cook Avenue, Anchorage, AK 99501","117 East Cook Avenue, Anchorage, AK 99501",9804199865,9804199865
JDX30ZEC6T64O8A0O,"8398 West Denton Lane, Glendale, AZ 85305","8398 West Denton Lane, Glendale, AZ 85305",9804057614,9804057614
MQ1A3AKGKXV06KQ1I,"1347 Blackwalnut Court, Annapolis, MD 21403","1347 Blackwalnut Court, Annapolis, MD 21403",9802917048,9802917048
XLSAD5YE87GBYV3W2,"1420 Turtleback Trail, Panama City, FL 32413","1420 Turtleback Trail, Panama City, FL 32413",9804188236,9804188236
9OGZVBMP2PWBQS3ZQ,"8398 West Denton Lane, Glendale, AZ 85305","8398 West Denton Lane, Glendale, AZ 85305",9804057614,9804057614
Y5QRFOCJK74OMSWIU,"159 Downey Drive, Manchester, CT 06040","159 Downey Drive, Manchester, CT 06040",9802448723,9802448723
GYQKNZP986ORWTX02,"491 Arabian Way, Grand Junction, CO 81504","491 Arabian Way, Grand Junction, CO 81504",9802751029,9802751029
J5QBO9OCL1LWSSKLG,"7 Underwood Place Northwest, Washington, DC 20012","7 Underwood Place Northwest, Washington, DC 20012",9804347669,9804347669
JUE1VXEPA4OKW46U8,"8398 West Denton Lane, Glendale, AZ 85305","8398 West Denton Lane, Glendale, AZ 85305",9804057614,9804057614
ZQOYQCM0Z97LDI6P6,"5108 Franklin Street, Savannah, GA 31405","5108 Franklin Street, Savannah, GA 31405",9804273061,9804273061
2S8ZKLHCBZ4XYW2Y5,"1427 South Carolina Avenue Southeast, Washington, DC 20003","1427 South Carolina Avenue Southeast, Washington, DC 20003",9803043365,9803043365
LD5S4VP0UF3R1RD9F,"5811 Crossings Boulevard, Nashville, TN 37013","5811 Crossings Boulevard, Nashville, TN 37013",9804211262,9804211262
VSDPLS6JFSNKAK1VG,"310 Timrod Road, Manchester, CT 06040","310 Timrod Road, Manchester, CT 06040",9802994185,9802994185
4POXPYYGO37N57HH2,"519 West 75th Avenue, Anchorage, AK 99518","519 West 75th Avenue, Anchorage, AK 99518",9803084946,9803084946
CLHKDOYA7ENBAH6R8,"74 Ranch Drive, Montgomery, AL 36109","74 Ranch Drive, Montgomery, AL 36109",9802905694,9802905694
4U5WN34V9LU1ZIZWZ,"700 Winston Place, Anchorage, AK 99504","700 Winston Place, Anchorage, AK 99504",9804087440,9804087440
GA2K0GG5DRS3PD919,"700 Winston Place, Anchorage, AK 99504","700 Winston Place, Anchorage, AK 99504",9804087440,9804087440
CRM6CGR9RQTNTH8NB,"6231 North 67th Avenue, Glendale, AZ 85301","6231 North 67th Avenue, Glendale, AZ 85301",9804199938,9804199938
E49KLYLQ1SZZT5BLS,"117 East Cook Avenue, Anchorage, AK 99501","117 East Cook Avenue, Anchorage, AK 99501",9804199865,9804199865
YXRQGJ7XOQJUGKOD2,"3301 Old Muldoon Road, Anchorage, AK 99504","3301 Old Muldoon Road, Anchorage, AK 99504",9804115222,9804115222
PZXCQURBJJ5MDQV72,"8398 West Denton Lane, Glendale, AZ 85305","8398 West Denton Lane, Glendale, AZ 85305",9804057614,9804057614
3ITCSXASKOYESAXWJ,"8398 West Denton Lane, Glendale, AZ 85305","8398 West Denton Lane, Glendale, AZ 85305",9804057614,9804057614
EW9LWIY9P3VLOZG8J,"165 Saint John Street, Manchester, CT 06040","165 Saint John Street, Manchester, CT 06040",9803040373,9803040373
70DX2SJ08TKAOFENW,"2409 Research Boulevard, Fort Collins, CO 80526","2409 Research Boulevard, Fort Collins, CO 80526",9803066399,9803066399
0KGYCUQTCGXSWFVRN,"913 Fallview Trail, Nashville, TN 37211","913 Fallview Trail, Nashville, TN 37211",9802448724,9802448724
8QD5OI2IIH8F70YTF,"5108 Franklin Street, Savannah, GA 31405","5108 Franklin Street, Savannah, GA 31405",9804273061,9804273061
JRS7Z8NI5Q8802UG8,"232 Maine Avenue, Panama City, FL 32401","232 Maine Avenue, Panama City, FL 32401",9804103822,9804103822
RMQN6ZFIXLQE4KR0L,"7 Underwood Place Northwest, Washington, DC 20012","7 Underwood Place Northwest, Washington, DC 20012",9804347669,9804347669
7Z9CVSWW31IRWNEMU,"8505 Waters Avenue, Savannah, GA 31406","8505 Waters Avenue, Savannah, GA 31406",9804307366,9804307366
GZ7OS2033ZXIDP4MS,"6657 West Rose Garden Lane, Glendale, AZ 85308","6657 West Rose Garden Lane, Glendale, AZ 85308",9803040371,9803040371
19NBG9N4ZJIUHUZAX,"10826 Pointe Royal Drive, Bakersfield, CA 93311","10826 Pointe Royal Drive, Bakersfield, CA 93311",9802751027,9802751027
YM3WTR8RLMQODSMOS,"5811 Crossings Boulevard, Nashville, TN 37013","5811 Crossings Boulevard, Nashville, TN 37013",9804211262,9804211262
UXXTAGPJZXF1K6SJB,"1903 Bashford Manor Lane, Louisville, KY 40218","1903 Bashford Manor Lane, Louisville, KY 40218",9803072892,9803072892
441WLVE62TT3QGHUI,"232 Maine Avenue, Panama City, FL 32401","232 Maine Avenue, Panama City, FL 32401",9804103822,9804103822
8F0UT2Z8XULW9NGGJ,"6601 West Ocotillo Road, Glendale, AZ 85301","6601 West Ocotillo Road, Glendale, AZ 85301",9802917046,9802917046
GFA6N2BWV5A748O76,"1427 South Carolina Avenue Southeast, Washington, DC 20003","1427 South Carolina Avenue Southeast, Washington, DC 20003",9803043365,9803043365
5RGSQ2AL7S0ST1XX3,"130 Old Route 103, Chester, VT 05143","130 Old Route 103, Chester, VT 05143",9802620780,9802620780
R1CFVSUQFSM4BVNP0,"117 East Cook Avenue, Anchorage, AK 99501","117 East Cook Avenue, Anchorage, AK 99501",9804199865,9804199865
H8KXHVIQP9FIUSXK5,"1770 Colony Way, Fayetteville, AR 72704","1770 Colony Way, Fayetteville, AR 72704",9802944514,9802944514
3S6U1P8DQB522CL6U,"74 Ranch Drive, Montgomery, AL 36109","74 Ranch Drive, Montgomery, AL 36109",9802905694,9802905694
JG5S7HLVD43SP37FH,"8398 West Denton Lane, Glendale, AZ 85305","8398 West Denton Lane, Glendale, AZ 85305",9804057614,9804057614
QXCPT065U8D9U654B,"5811 Crossings Boulevard, Nashville, TN 37013","5811 Crossings Boulevard, Nashville, TN 37013",9804211262,9804211262
HJM7HGRJG5GGZM1SM,"913 Fallview Trail, Nashville, TN 37211","913 Fallview Trail, Nashville, TN 37211",9802448724,9802448724
AR2A4W6MO1CO554DF,"10826 Pointe Royal Drive, Bakersfield, CA 93311","10826 Pointe Royal Drive, Bakersfield, CA 93311",9802751027,9802751027
9TD85JFVC2LDGAEV7,"21950 Arnold Center Road, Carson, CA 90810","21950 Arnold Center Road, Carson, CA 90810",9802905693,9802905693
IERDVO4HJN1LBEWXS,"8315 Surf Drive, Panama City Beach, FL 32408","8315 Surf Drive, Panama City Beach, FL 32408",9803094810,9803094810
AVSAX5NRZ1ZUHSBQ1,"8398 West Denton Lane, Glendale, AZ 85305","8398 West Denton Lane, Glendale, AZ 85305",9804057614,9804057614
QNFUI2H3CZ2GXG5QU,"10826 Pointe Royal Drive, Bakersfield, CA 93311","10826 Pointe Royal Drive, Bakersfield, CA 93311",9802751027,9802751027
JJ3L30RZNIGWJR7HZ,"519 West 75th Avenue, Anchorage, AK 99518","519 West 75th Avenue, Anchorage, AK 99518",9803084946,9803084946
R78PUZAKR6LOIKPJ9,"7 Underwood Place Northwest, Washington, DC 20012","7 Underwood Place Northwest, Washington, DC 20012",9804347669,9804347669
O04TLARK3X5O8XR80,"3301 Old Muldoon Road, Anchorage, AK 99504","3301 Old Muldoon Road, Anchorage, AK 99504",9804115222,9804115222
YC2CVHSW1EA8DNFVI,"74 Ranch Drive, Montgomery, AL 36109","74 Ranch Drive, Montgomery, AL 36109",9802905694,9802905694
9BZMH57BO8R8BAC98,"10826 Pointe Royal Drive, Bakersfield, CA 93311","10826 Pointe Royal Drive, Bakersfield, CA 93311",9802751027,9802751027
KBM84N93B0S2Y16RM,"7 Underwood Place Northwest, Washington, DC 20012","7 Underwood Place Northwest, Washington, DC 20012",9804347669,9804347669
CXOM9L0E0OG3P5UTZ,"1 Kempf Drive, Easton, MA 02375","1 Kempf Drive, Easton, MA 02375",9804127288,9804127288
TSJ24H60H406HRKZA,"6657 West Rose Garden Lane, Glendale, AZ 85308","6657 West Rose Garden Lane, Glendale, AZ 85308",9803040371,9803040371
RAM1E8QH6YZ5VABOU,"1770 Colony Way, Fayetteville, AR 72704","1770 Colony Way, Fayetteville, AR 72704",9802944514,9802944514
OOE50JRMDKB9GTYDB,"19416 Barclay Road, Castro Valley, CA 94546","19416 Barclay Road, Castro Valley, CA 94546",9802917047,9802917047
L2DXRVTLHKVN62QXX,"913 Fallview Trail, Nashville, TN 37211","913 Fallview Trail, Nashville, TN 37211",9802448724,9802448724
3X7S76NRKTZCL4010,"31353 Santa Elena Way, Union City, CA 94587","31353 Santa Elena Way, Union City, CA 94587",9804029266,9804029266
M8C69RZRTV28KR6XF,"2409 Research Boulevard, Fort Collins, CO 80526","2409 Research Boulevard, Fort Collins, CO 80526",9803066399,9803066399
WGMAF7JPI9WELI4AU,"1 Kempf Drive, Easton, MA 02375","1 Kempf Drive, Easton, MA 02375",9804127288,9804127288
O8EOD6QGU0IB15XFH,"5811 Crossings Boulevard, Nashville, TN 37013","5811 Crossings Boulevard, Nashville, TN 37013",9804211262,9804211262
E5TM7575DSV67WLV8,"21950 Arnold Center Road, Carson, CA 90810","21950 Arnold Center Road, Carson, CA 90810",9802905693,9802905693
EGTEO5GCPT4ZT46D0,"117 East Cook Avenue, Anchorage, AK 99501","117 East Cook Avenue, Anchorage, AK 99501",9804199865,9804199865
2KKKDWKPHMEV4N0QK,"132 Laurel Green Court, Savannah, GA 31419","132 Laurel Green Court, Savannah, GA 31419",9803015533,9803015533
MRUVF2MHR0M362T70,"5108 Franklin Street, Savannah, GA 31405","5108 Franklin Street, Savannah, GA 31405",9804273061,9804273061
8JEZ3YHAQYWPJGO1Q,"700 Winston Place, Anchorage, AK 99504","700 Winston Place, Anchorage, AK 99504",9804087440,9804087440
4NNO8U2ENQ3IL17HD,"31353 Santa Elena Way, Union City, CA 94587","31353 Santa Elena Way, Union City, CA 94587",9804029266,9804029266
0468BS893L7JOMRNX,"19416 Barclay Road, Castro Valley, CA 94546","19416 Barclay Road, Castro Valley, CA 94546",9802917047,9802917047
WSX3GY5N1LGUHVTNP,"6231 North 67th Avenue, Glendale, AZ 85301","6231 North 67th Avenue, Glendale, AZ 85301",9804199938,9804199938
UK1I5SDZJWHYVSSZA,"8505 Waters Avenue, Savannah, GA 31406","8505 Waters Avenue, Savannah, GA 31406",9804307366,9804307366
78NW1QSD0SLY7BJMP,"1427 South Carolina Avenue Southeast, Washington, DC 20003","1427 South Carolina Avenue Southeast, Washington, DC 20003",9803043365,9803043365
4T2GKVXDQ3E8A3BV0,"3301 Old Muldoon Road, Anchorage, AK 99504","3301 Old Muldoon Road, Anchorage, AK 99504",9804115222,9804115222
5CLKWABDDXW4G02WQ,"21950 Arnold Center Road, Carson, CA 90810","21950 Arnold Center Road, Carson, CA 90810",9802905693,9802905693
KCLBZXB4Q18X2OZBL,"8315 Surf Drive, Panama City Beach, FL 32408","8315 Surf Drive, Panama City Beach, FL 32408",9803094810,9803094810
V56N8Z5LGK6DT18RX,"7 Underwood Place Northwest, Washington, DC 20012","7 Underwood Place Northwest, Washington, DC 20012",9804347669,9804347669
5YRWQQ7HIZWCU13QQ,"8800 Cordell Circle, Anchorage, AK 99502","8800 Cordell Circle, Anchorage, AK 99502",9804152490,9804152490
L9UO3XUQ1VY43E5L8,"165 Saint John Street, Manchester, CT 06040","165 Saint John Street, Manchester, CT 06040",9803040373,9803040373
GI8F673RA6WT7B0JM,"1347 Blackwalnut Court, Annapolis, MD 21403","1347 Blackwalnut Court, Annapolis, MD 21403",9802917048,9802917048
UNF5SK5FWIGMML4NR,"1420 Turtleback Trail, Panama City, FL 32413","1420 Turtleback Trail, Panama City, FL 32413",9804188236,9804188236
MZQ0K6AP9F02I2VPO,"7 Underwood Place Northwest, Washington, DC 20012","7 Underwood Place Northwest, Washington, DC 20012",9804347669,9804347669
H3W14W8XG3H27RW6B,"1770 Colony Way, Fayetteville, AR 72704","1770 Colony Way, Fayetteville, AR 72704",9802944514,9802944514
YTFTCASQSKJK5LEA1,"1770 Colony Way, Fayetteville, AR 72704","1770 Colony Way, Fayetteville, AR 72704",9802944514,9802944514
TCPGLGGZ1VX33KG6Q,"21950 Arnold Center Road, Carson, CA 90810","21950 Arnold Center Road, Carson, CA 90810",9802905693,9802905693
XJYFXGWCLZ63R8FVH,"6231 North 67th Avenue, Glendale, AZ 85301","6231 North 67th Avenue, Glendale, AZ 85301",9804199938,9804199938
EGTNISXLJJL6HQP7N,"3301 Old Muldoon Road, Anchorage, AK 99504","3301 Old Muldoon Road, Anchorage, AK 99504",9804115222,9804115222
F39AYDE8P8PCNS5XY,"6601 West Ocotillo Road, Glendale, AZ 85301","6601 West Ocotillo Road, Glendale, AZ 85301",9802917046,9802917046
ARTP8QD6ZCI0L0XG8,"165 Saint John Street, Manchester, CT 06040","165 Saint John Street, Manchester, CT 06040",9803040373,9803040373
QSVUG79XFW3UGNULV,"2409 Research Boulevard, Fort Collins, CO 80526","2409 Research Boulevard, Fort Collins, CO 80526",9803066399,9803066399
9Y4LSX5ZCGCB110GQ,"1427 South Carolina Avenue Southeast, Washington, DC 20003","1427 South Carolina Avenue Southeast, Washington, DC 20003",9803043365,9803043365
F8EIPBTDKTDQ4T5BJ,"1420 Turtleback Trail, Panama City, FL 32413","1420 Turtleback Trail, Panama City, FL 32413",9804188236,9804188236
ZN5UGR9WAXDUZMDTU,"1420 Turtleback Trail, Panama City, FL 32413","1420 Turtleback Trail, Panama City, FL 32413",9804188236,9804188236
LJ2ZV2BNAVWXA9FX2,"6231 North 67th Avenue, Glendale, AZ 85301","6231 North 67th Avenue, Glendale, AZ 85301",9804199938,9804199938